AFG,0,0,0,0,1936,,129,25,1916
AFG,0,0,0,0,1948,,136,23,1725
AFG,0,0,0,0,1956,,151,23,1712
AFG,0,0,0,0,1960,,150,23,1716
AFG,0,0,0,0,1964,,163,25,198
AFG,0,0,0,0,1968,,172,24,185
AFG,0,0,0,0,1972,,195,28,218
AFG,0,0,0,0,1980,,203,27,2111
AFG,0,0,0,0,1988,,237,31,235
AFG,0,0,0,0,1996,,271,37,252
AFG,0,0,0,0,2004,,301,40,275
AFG,0,0,1,1,2008,,302,42,273
AFG,0,0,1,1,2012,,302,40,265
AFG,0,0,0,0,2016,,306,42,283
AFG,0,0,0,0,2020,,339,50,335
AFG,0,0,0,0,2024,,329,48,327
AHO,0,0,0,0,1952,,149,23,1711
AHO,0,0,0,0,1960,,150,23,175
AHO,0,0,0,0,1964,,163,25,194
AHO,0,0,0,0,1968,,172,24,185
AHO,0,0,0,0,1972,,195,28,212
AHO,0,0,0,0,1976,,198,27,214
AHO,0,0,0,0,1984,,221,29,2113
AHO,0,1,0,1,1988,,237,31,233
AHO,0,0,0,0,1992,,257,34,254
AHO,0,0,0,0,1996,,271,37,257
AHO,0,0,0,0,2000,,300,40,278
AHO,0,0,0,0,2004,,301,40,273
AHO,0,0,0,0,2008,,302,42,274
AIN,1,3,1,5,2024,,329,48,3240
ALB,0,0,0,0,1972,,195,28,215
ALB,0,0,0,0,1992,,257,34,259
ALB,0,0,0,0,1996,,271,37,259
ALB,0,0,0,0,2000,,300,40,275
ALB,0,0,0,0,2004,,301,40,277
ALB,0,0,0,0,2008,,302,42,2712
ALB,0,0,0,0,2012,,302,40,2610
ALB,0,0,0,0,2016,,306,42,286
ALB,0,0,0,0,2020,,339,50,3310
ALB,0,0,2,2,2024,,329,48,327
ALG,0,0,0,0,1964,,163,25,197
ALG,0,0,0,0,1968,,172,24,189
ALG,0,0,0,0,1972,,195,28,217
ALG,0,0,0,0,1980,,203,27,2163
ALG,0,0,2,2,1984,,221,29,2131
ALG,0,0,0,0,1988,,237,31,2345
ALG,1,0,1,2,1992,,257,34,2534
ALG,2,0,1,3,1996,,271,37,2544
ALG,1,1,3,5,2000,,300,40,2746
ALG,0,0,0,0,2004,,301,40,2771
ALG,0,1,1,2,2008,,302,42,2755
ALG,1,0,0,1,2012,,302,40,2638
ALG,0,2,0,2,2016,,306,42,2872
ALG,0,0,0,0,2020,,339,50,3345
ALG,2,0,1,3,2024,,329,48,3252
AND,0,0,0,0,1976,,198,27,213
AND,0,0,0,0,1980,,203,27,212
AND,0,0,0,0,1984,,221,29,212
AND,0,0,0,0,1988,,237,31,234
AND,0,0,0,0,1992,,257,34,258
AND,0,0,0,0,1996,,271,37,258
AND,0,0,0,0,2000,,300,40,275
AND,0,0,0,0,2004,,301,40,276
AND,0,0,0,0,2008,,302,42,275
AND,0,0,0,0,2012,,302,40,266
AND,0,0,0,0,2016,,306,42,284
AND,0,0,0,0,2020,,339,50,333
AND,0,0,0,0,2024,,329,48,324
ANG,0,0,0,0,1980,,203,27,2117
ANG,0,0,0,0,1988,,237,31,2333
ANG,0,0,0,0,1992,,257,34,2533
ANG,0,0,0,0,1996,,271,37,2530
ANG,0,0,0,0,2000,,300,40,2730
ANG,0,0,0,0,2004,,301,40,2730
ANG,0,0,0,0,2008,,302,42,2733
ANG,0,0,0,0,2012,,302,40,2635
ANG,0,0,0,0,2016,,306,42,2826
ANG,0,0,0,0,2020,,339,50,3320
ANG,0,0,0,0,2024,,329,48,3226
ANT,0,0,0,0,1976,,198,27,2117
ANT,0,0,0,0,1984,,221,29,2127
ANT,0,0,0,0,1988,,237,31,2325
ANT,0,0,0,0,1992,,257,34,2518
ANT,0,0,0,0,1996,,271,37,2519
ANT,0,0,0,0,2000,,300,40,274
ANT,0,0,0,0,2004,,301,40,275
ANT,0,0,0,0,2008,,302,42,275
ANT,0,0,0,0,2012,,302,40,264
ANT,0,0,0,0,2016,,306,42,289
ANT,0,0,0,0,2020,,339,50,336
ANT,0,0,0,0,2024,,329,48,325
ANZ,1,2,2,5,1908,,110,25,2229
ANZ,2,2,3,7,1912,,102,18,1428
ARG,0,0,0,0,1900,,97,22,201
ARG,0,0,0,0,1908,,110,25,221
ARG,0,0,0,0,1920,,156,29,221
ARG,1,3,2,6,1924,,126,23,1799
ARG,3,3,1,7,1928,,109,20,1472
ARG,3,1,0,4,1932,,117,20,1443
ARG,2,2,3,7,1936,,129,25,1957
ARG,3,3,1,7,1948,,136,23,17284
ARG,1,2,2,5,1952,,149,23,17168
ARG,0,1,1,2,1956,,151,23,1742
ARG,0,1,1,2,1960,,150,23,17112
ARG,0,1,0,1,1964,,163,25,19147
ARG,0,0,2,2,1968,,172,24,18130
ARG,0,1,0,1,1972,,195,28,21122
ARG,0,0,0,0,1976,,198,27,21106
ARG,0,0,0,0,1984,,221,29,21115
ARG,0,1,1,2,1988,,237,31,23121
ARG,0,0,1,1,1992,,257,34,25109
ARG,0,2,1,3,1996,,271,37,25201
ARG,0,2,2,4,2000,,300,40,27145
ARG,2,0,4,6,2004,,301,40,27130
ARG,2,0,4,6,2008,,302,42,2794
ARG,1,1,2,4,2012,,302,40,26129
ARG,3,1,0,4,2016,,306,42,28210
ARG,0,1,2,3,2020,,339,50,33165
ARG,1,1,1,3,2024,,329,48,32135
ARM,1,1,0,2,1996,,271,37,2536
ARM,0,0,1,1,2000,,300,40,2725
ARM,0,0,0,0,2004,,301,40,2719
ARM,0,0,6,6,2008,,302,42,2720
ARM,0,1,2,3,2012,,302,40,2628
ARM,1,3,0,4,2016,,306,42,2830
ARM,0,2,2,4,2020,,339,50,3315
ARM,0,3,1,4,2024,,329,48,3213
ARU,0,0,0,0,1988,,237,31,2312
ARU,0,0,0,0,1992,,257,34,255
ARU,0,0,0,0,1996,,271,37,253
ARU,0,0,0,0,2000,,300,40,275
ARU,0,0,0,0,2004,,301,40,274
ARU,0,0,0,0,2008,,302,42,272
ARU,0,0,0,0,2012,,302,40,264
ARU,0,0,0,0,2016,,306,42,287
ARU,0,0,0,0,2020,,339,50,334
ARU,0,0,0,0,2024,,329,48,327
ASA,0,0,0,0,1988,,237,31,236
ASA,0,0,0,0,1992,,257,34,253
ASA,0,0,0,0,1996,,271,37,257
ASA,0,0,0,0,2000,,300,40,274
ASA,0,0,0,0,2004,,301,40,273
ASA,0,0,0,0,2008,,302,42,274
ASA,0,0,0,0,2012,,302,40,264
ASA,0,0,0,0,2016,,306,42,284
ASA,0,0,0,0,2020,,339,50,336
ASA,0,0,0,0,2024,,329,48,322
AUS,2,0,1,3,1896,,43,10,112
AUS,3,0,3,6,1900,,97,22,200
AUS,0,3,1,4,1904,,95,18,162
AUS,0,0,3,3,1906,,76,13,117
AUS,0,2,1,3,1920,,156,29,2222
AUS,3,1,2,6,1924,,126,23,1750
AUS,1,2,1,4,1928,,109,20,1425
AUS,3,1,1,5,1932,,117,20,1415
AUS,0,0,1,1,1936,,129,25,1938
AUS,2,6,5,13,1948,,136,23,1787
AUS,6,2,3,11,1952,,149,23,17120
AUS,13,8,14,35,1956,,151,23,17345
AUS,8,8,6,22,1960,,150,23,17234
AUS,6,2,10,18,1964,,163,25,19348
AUS,5,7,5,17,1968,,172,24,18173
AUS,8,7,2,17,1972,,195,28,21246
AUS,0,1,4,5,1976,,198,27,21251
AUS,2,2,5,9,1980,,203,27,21177
AUS,4,8,12,24,1984,,221,29,21285
AUS,3,6,5,14,1988,,237,31,23304
AUS,7,9,11,27,1992,,257,34,25333
AUS,9,9,23,41,1996,,271,37,25418
AUS,16,25,17,58,2000,,300,40,27605
AUS,17,16,17,50,2004,,301,40,27444
AUS,14,15,17,46,2008,,302,42,27421
AUS,7,16,12,35,2012,,302,40,26400
AUS,8,11,10,29,2016,,306,42,28436
AUS,17,7,22,46,2020,,339,50,33507
AUS,18,18,16,52,2024,,329,48,32528
AUT,2,1,2,5,1896,,43,10,113
AUT,0,3,3,6,1900,,97,22,2020
AUT,2,1,1,4,1904,,95,18,163
AUT,3,3,3,9,1906,,76,13,1191
AUT,0,0,1,1,1908,,110,25,2212
AUT,0,2,2,4,1912,,102,18,14118
AUT,0,3,1,4,1924,,126,23,1752
AUT,3,0,1,4,1928,,109,20,14108
AUT,1,1,3,5,1932,,117,20,1428
AUT,5,7,5,17,1936,,129,25,19308
AUT,2,2,4,8,1948,,136,23,17231
AUT,0,1,1,2,1952,,149,23,17235
AUT,0,0,2,2,1956,,151,23,1753
AUT,1,1,0,2,1960,,150,23,17195
AUT,0,0,0,0,1964,,163,25,1982
AUT,0,2,2,4,1968,,172,24,1854
AUT,0,1,2,3,1972,,195,28,21140
AUT,0,0,1,1,1976,,198,27,2172
AUT,1,2,1,4,1980,,203,27,2187
AUT,1,1,1,3,1984,,221,29,21127
AUT,1,0,0,1,1988,,237,31,2395
AUT,0,2,0,2,1992,,257,34,25121
AUT,0,1,2,3,1996,,271,37,2589
AUT,2,1,0,3,2000,,300,40,27110
AUT,2,4,1,7,2004,,301,40,2784
AUT,0,1,2,3,2008,,302,42,2790
AUT,0,0,0,0,2012,,302,40,2690
AUT,0,0,1,1,2016,,306,42,2883
AUT,1,1,5,7,2020,,339,50,3396
AUT,2,0,3,5,2024,,329,48,32115
AZE,0,1,0,1,1996,,271,37,2523
AZE,2,0,1,3,2000,,300,40,2729
AZE,1,0,4,5,2004,,301,40,2732
AZE,1,2,4,7,2008,,302,42,2737
AZE,2,2,6,10,2012,,302,40,2649
AZE,1,7,10,18,2016,,306,42,2851
AZE,0,3,4,7,2020,,339,50,3348
AZE,2,2,3,7,2024,,329,48,3242
BAH,0,0,0,0,1952,,149,23,177
BAH,0,0,1,1,1956,,151,23,173
BAH,0,0,0,0,1960,,150,23,1714
BAH,1,0,0,1,1964,,163,25,1910
BAH,0,0,0,0,1968,,172,24,1822
BAH,0,0,0,0,1972,,195,28,2125
BAH,0,0,0,0,1976,,198,27,2119
BAH,0,0,0,0,1984,,221,29,2131
BAH,0,0,0,0,1988,,237,31,2318
BAH,0,0,1,1,1992,,257,34,2517
BAH,0,1,0,1,1996,,271,37,2531
BAH,2,0,1,3,2000,,300,40,2728
BAH,1,0,1,2,2004,,301,40,2726
BAH,0,1,1,2,2008,,302,42,2726
BAH,1,0,0,1,2012,,302,40,2625
BAH,1,0,1,2,2016,,306,42,2832
BAH,2,0,0,2,2020,,339,50,3320
BAH,0,0,0,0,2024,,329,48,3221
BAN,0,0,0,0,1984,,221,29,212
BAN,0,0,0,0,1988,,237,31,2311
BAN,0,0,0,0,1992,,257,34,259
BAN,0,0,0,0,1996,,271,37,254
BAN,0,0,0,0,2000,,300,40,276
BAN,0,0,0,0,2004,,301,40,274
BAN,0,0,0,0,2008,,302,42,275
BAN,0,0,0,0,2012,,302,40,267
BAN,0,0,0,0,2016,,306,42,287
BAN,0,0,0,0,2020,,339,50,338
BAN,0,0,0,0,2024,,329,48,325
BAR,0,0,0,0,1968,,172,24,1813
BAR,0,0,0,0,1972,,195,28,2120
BAR,0,0,0,0,1976,,198,27,2117
BAR,0,0,0,0,1984,,221,29,2125
BAR,0,0,0,0,1988,,237,31,2326
BAR,0,0,0,0,1992,,257,34,2522
BAR,0,0,0,0,1996,,271,37,2522
BAR,0,0,1,1,2000,,300,40,2727
BAR,0,0,0,0,2004,,301,40,2715
BAR,0,0,0,0,2008,,302,42,2710
BAR,0,0,0,0,2012,,302,40,268
BAR,0,0,0,0,2016,,306,42,2813
BAR,0,0,0,0,2020,,339,50,339
BAR,0,0,0,0,2024,,329,48,324
BDI,1,0,0,1,1996,,271,37,256
BDI,0,0,0,0,2000,,300,40,276
BDI,0,0,0,0,2004,,301,40,277
BDI,0,0,0,0,2008,,302,42,273
BDI,0,0,0,0,2012,,302,40,266
BDI,0,1,0,1,2016,,306,42,289
BDI,0,0,0,0,2020,,339,50,337
BDI,0,0,0,0,2024,,329,48,328
BEL,6,7,5,18,1900,,97,22,2057
BEL,2,2,3,7,1906,,76,13,1120
BEL,1,5,2,8,1908,,110,25,2266
BEL,2,1,3,6,1912,,102,18,1453
BEL,16,12,14,42,1920,,156,29,22330
BEL,3,7,3,13,1924,,126,23,17195
BEL,0,1,2,3,1928,,109,20,14255
BEL,0,0,1,1,1932,,117,20,1468
BEL,0,0,3,3,1936,,129,25,19191
BEL,2,2,3,7,1948,,136,23,17167
BEL,2,2,0,4,1952,,149,23,17176
BEL,0,2,0,2,1956,,151,23,1780
BEL,0,2,2,4,1960,,150,23,17146
BEL,2,0,1,3,1964,,163,25,1971
BEL,0,1,1,2,1968,,172,24,18103
BEL,0,2,0,2,1972,,195,28,21104
BEL,0,3,3,6,1976,,198,27,21140
BEL,1,0,0,1,1980,,203,27,2183
BEL,1,1,2,4,1984,,221,29,2181
BEL,0,0,2,2,1988,,237,31,2383
BEL,0,1,2,3,1992,,257,34,25100
BEL,2,2,2,6,1996,,271,37,2575
BEL,0,2,3,5,2000,,300,40,2787
BEL,1,0,2,3,2004,,301,40,2767
BEL,1,1,0,2,2008,,302,42,27107
BEL,0,1,2,3,2012,,302,40,26139
BEL,2,2,2,6,2016,,306,42,28117
BEL,3,1,3,7,2020,,339,50,33158
BEL,3,1,5,9,2024,,329,48,32231
BEN,0,0,0,0,1972,,195,28,213
BEN,0,0,0,0,1980,,203,27,2117
BEN,0,0,0,0,1984,,221,29,213
BEN,0,0,0,0,1988,,237,31,2310
BEN,0,0,0,0,1992,,257,34,257
BEN,0,0,0,0,1996,,271,37,257
BEN,0,0,0,0,2000,,300,40,274
BEN,0,0,0,0,2004,,301,40,274
BEN,0,0,0,0,2008,,302,42,275
BEN,0,0,0,0,2012,,302,40,265
BEN,0,0,0,0,2016,,306,42,286
BEN,0,0,0,0,2020,,339,50,337
BEN,0,0,0,0,2024,,329,48,325
BER,0,0,0,0,1936,,129,25,199
BER,0,0,0,0,1948,,136,23,1728
BER,0,0,0,0,1952,,149,23,1712
BER,0,0,0,0,1956,,151,23,173
BER,0,0,0,0,1960,,150,23,179
BER,0,0,0,0,1964,,163,25,194
BER,0,0,0,0,1968,,172,24,186
BER,0,0,0,0,1972,,195,28,219
BER,0,0,1,1,1976,,198,27,2119
BER,0,0,0,0,1984,,221,29,2113
BER,0,0,0,0,1988,,237,31,2314
BER,0,0,0,0,1992,,257,34,2529
BER,0,0,0,0,1996,,271,37,2510
BER,0,0,0,0,2000,,300,40,277
BER,0,0,0,0,2004,,301,40,2710
BER,0,0,0,0,2008,,302,42,276
BER,0,0,0,0,2012,,302,40,268
BER,0,0,0,0,2016,,306,42,288
BER,1,0,0,1,2020,,339,50,331
BER,0,0,0,0,2024,,329,48,328
BHU,0,0,0,0,1984,,221,29,216
BHU,0,0,0,0,1988,,237,31,236
BHU,0,0,0,0,1992,,257,34,2512
BHU,0,0,0,0,1996,,271,37,252
BHU,0,0,0,0,2000,,300,40,272
BHU,0,0,0,0,2004,,301,40,272
BHU,0,0,0,0,2008,,302,42,272
BHU,0,0,0,0,2012,,302,40,262
BHU,0,0,0,0,2016,,306,42,282
BHU,0,0,0,0,2020,,339,50,334
BHU,0,0,0,0,2024,,329,48,323
BIH,0,0,0,0,1992,,257,34,2513
BIH,0,0,0,0,1996,,271,37,2512
BIH,0,0,0,0,2000,,300,40,2711
BIH,0,0,0,0,2004,,301,40,2711
BIH,0,0,0,0,2008,,302,42,277
BIH,0,0,0,0,2012,,302,40,268
BIH,0,0,0,0,2016,,306,42,2811
BIH,0,0,0,0,2020,,339,50,338
BIH,0,0,0,0,2024,,329,48,326
BIZ,0,0,0,0,1968,,172,24,187
BIZ,0,0,0,0,1972,,195,28,212
BIZ,0,0,0,0,1976,,198,27,214
BIZ,0,0,0,0,1984,,221,29,2113
BIZ,0,0,0,0,1988,,237,31,2313
BIZ,0,0,0,0,1992,,257,34,2518
BIZ,0,0,0,0,1996,,271,37,255
BIZ,0,0,0,0,2000,,300,40,272
BIZ,0,0,0,0,2004,,301,40,272
BIZ,0,0,0,0,2008,,302,42,274
BIZ,0,0,0,0,2012,,302,40,263
BIZ,0,0,0,0,2016,,306,42,283
BIZ,0,0,0,0,2020,,339,50,334
BIZ,0,0,0,0,2024,,329,48,321
BLR,1,6,8,15,1996,,271,37,25236
BLR,3,3,11,17,2000,,300,40,27209
BLR,2,5,6,13,2004,,301,40,27177
BLR,4,5,9,18,2008,,302,42,27208
BLR,2,5,5,12,2012,,302,40,26162
BLR,1,4,4,9,2016,,306,42,28130
BLR,1,3,3,7,2020,,339,50,33127
BOH,0,1,2,3,1900,,97,22,206
BOH,0,0,2,2,1906,,76,13,1126
BOH,0,0,2,2,1908,,110,25,2235
BOH,0,0,0,0,1912,,102,18,1474
BOL,0,0,0,0,1936,,129,25,192
BOL,0,0,0,0,1964,,163,25,191
BOL,0,0,0,0,1968,,172,24,184
BOL,0,0,0,0,1972,,195,28,2114
BOL,0,0,0,0,1976,,198,27,215
BOL,0,0,0,0,1984,,221,29,2113
BOL,0,0,0,0,1988,,237,31,2312
BOL,0,0,0,0,1992,,257,34,2521
BOL,0,0,0,0,1996,,271,37,259
BOL,0,0,0,0,2000,,300,40,275
BOL,0,0,0,0,2004,,301,40,2711
BOL,0,0,0,0,2008,,302,42,277
BOL,0,0,0,0,2012,,302,40,265
BOL,0,0,0,0,2016,,306,42,2812
BOL,0,0,0,0,2020,,339,50,335
BOL,0,0,0,0,2024,,329,48,324
BOT,0,0,0,0,1980,,203,27,218
BOT,0,0,0,0,1984,,221,29,218
BOT,0,0,0,0,1988,,237,31,2311
BOT,0,0,0,0,1992,,257,34,256
BOT,0,0,0,0,1996,,271,37,257
BOT,0,0,0,0,2000,,300,40,279
BOT,0,0,0,0,2004,,301,40,2712
BOT,0,0,0,0,2008,,302,42,2711
BOT,0,1,0,1,2012,,302,40,263
BOT,0,0,0,0,2016,,306,42,2814
BOT,0,0,1,1,2020,,339,50,3310
BOT,1,1,0,2,2024,,329,48,3212
BRA,0,0,0,0,1900,,97,22,203
BRA,1,1,1,3,1920,,156,29,2231
BRA,0,0,0,0,1924,,126,23,1718
BRA,0,0,0,0,1932,,117,20,1467
BRA,0,0,0,0,1936,,129,25,1994
BRA,0,0,1,1,1948,,136,23,1795
BRA,1,0,2,3,1952,,149,23,17116
BRA,1,0,0,1,1956,,151,23,1762
BRA,0,0,2,2,1960,,150,23,1773
BRA,0,0,1,1,1964,,163,25,1953
BRA,0,1,2,3,1968,,172,24,1885
BRA,0,0,2,2,1972,,195,28,21102
BRA,0,0,2,2,1976,,198,27,2186
BRA,2,0,2,4,1980,,203,27,21140
BRA,1,5,2,8,1984,,221,29,21161
BRA,1,2,3,6,1988,,237,31,23210
BRA,2,1,0,3,1992,,257,34,25219
BRA,3,3,9,15,1996,,271,37,25188
BRA,0,6,6,12,2000,,300,40,27188
BRA,5,2,3,10,2004,,301,40,27278
BRA,3,4,9,16,2008,,302,42,27260
BRA,3,5,9,17,2012,,302,40,26247
BRA,7,6,6,19,2016,,306,42,28533
BRA,7,6,8,21,2020,,339,50,33361
BRA,3,7,10,20,2024,,329,48,32334
BRN,0,0,0,0,1984,,221,29,2114
BRN,0,0,0,0,1988,,237,31,2316
BRN,0,0,0,0,1992,,257,34,2515
BRN,0,0,0,0,1996,,271,37,255
BRN,0,0,0,0,2000,,300,40,274
BRN,0,0,0,0,2004,,301,40,2710
BRN,0,0,0,0,2008,,302,42,2715
BRN,0,0,1,1,2012,,302,40,2613
BRN,1,1,0,2,2016,,306,42,2831
BRN,0,1,0,1,2020,,339,50,3332
BRN,2,1,1,4,2024,,329,48,3211
BRU,0,0,0,0,1996,,271,37,251
BRU,0,0,0,0,2000,,300,40,272
BRU,0,0,0,0,2004,,301,40,271
BRU,0,0,0,0,2012,,302,40,263
BRU,0,0,0,0,2016,,306,42,283
BRU,0,0,0,0,2020,,339,50,332
BRU,0,0,0,0,2024,,329,48,323
BUL,0,0,0,0,1924,,126,23,1731
BUL,0,0,0,0,1928,,109,20,1410
BUL,0,0,0,0,1932,,117,20,142
BUL,0,0,0,0,1936,,129,25,1985
BUL,0,0,1,1,1952,,149,23,17178
BUL,1,3,1,5,1956,,151,23,1764
BUL,1,3,3,7,1960,,150,23,17176
BUL,3,5,2,10,1964,,163,25,19106
BUL,2,4,3,9,1968,,172,24,18163
BUL,6,10,5,21,1972,,195,28,21204
BUL,6,9,7,22,1976,,198,27,21215
BUL,8,16,17,41,1980,,203,27,21307
BUL,10,12,13,35,1988,,237,31,23240
BUL,3,7,6,16,1992,,257,34,25219
BUL,3,7,5,15,1996,,271,37,25160
BUL,5,6,2,13,2000,,300,40,27137
BUL,2,1,9,12,2004,,301,40,27102
BUL,1,1,3,5,2008,,302,42,2782
BUL,0,1,1,2,2012,,302,40,2673
BUL,0,1,2,3,2016,,306,42,2851
BUL,3,1,2,6,2020,,339,50,3346
BUL,3,1,3,7,2024,,329,48,3254
BUR,0,0,0,0,1972,,195,28,211
BUR,0,0,0,0,1988,,237,31,239
BUR,0,0,0,0,1992,,257,34,254
BUR,0,0,0,0,1996,,271,37,255
BUR,0,0,0,0,2000,,300,40,274
BUR,0,0,0,0,2004,,301,40,275
BUR,0,0,0,0,2008,,302,42,276
BUR,0,0,0,0,2012,,302,40,265
BUR,0,0,0,0,2016,,306,42,285
BUR,0,0,1,1,2020,,339,50,337
BUR,0,0,0,0,2024,,329,48,328
CAF,0,0,0,0,1968,,172,24,181
CAF,0,0,0,0,1984,,221,29,213
CAF,0,0,0,0,1988,,237,31,2315
CAF,0,0,0,0,1992,,257,34,2521
CAF,0,0,0,0,1996,,271,37,255
CAF,0,0,0,0,2000,,300,40,273
CAF,0,0,0,0,2004,,301,40,274
CAF,0,0,0,0,2008,,302,42,273
CAF,0,0,0,0,2012,,302,40,266
CAF,0,0,0,0,2016,,306,42,286
CAF,0,0,0,0,2020,,339,50,332
CAF,0,0,0,0,2024,,329,48,324
CAM,0,0,0,0,1956,,151,23,172
CAM,0,0,0,0,1964,,163,25,1915
CAM,0,0,0,0,1972,,195,28,2117
CAM,0,0,0,0,1996,,271,37,255
CAM,0,0,0,0,2000,,300,40,274
CAM,0,0,0,0,2004,,301,40,274
CAM,0,0,0,0,2008,,302,42,274
CAM,0,0,0,0,2012,,302,40,266
CAM,0,0,0,0,2016,,306,42,286
CAM,0,0,0,0,2020,,339,50,333
CAM,0,0,0,0,2024,,329,48,323
CAN,1,0,1,2,1900,,97,22,205
CAN,4,1,1,6,1904,,95,18,1613
CAN,1,1,0,2,1906,,76,13,112
CAN,3,3,10,16,1908,,110,25,2296
CAN,3,2,3,8,1912,,102,18,1452
CAN,3,3,3,9,1920,,156,29,2269
CAN,0,3,1,4,1924,,126,23,1763
CAN,4,4,7,15,1928,,109,20,1480
CAN,2,5,9,16,1932,,117,20,14152
CAN,1,3,5,9,1936,,129,25,19145
CAN,0,2,2,4,1948,,136,23,17181
CAN,1,2,0,3,1952,,149,23,17150
CAN,2,1,3,6,1956,,151,23,17131
CAN,0,1,0,1,1960,,150,23,17131
CAN,1,2,1,4,1964,,163,25,19189
CAN,1,3,1,5,1968,,172,24,18281
CAN,0,2,3,5,1972,,195,28,21333
CAN,0,5,6,11,1976,,198,27,21508
CAN,10,18,16,44,1984,,221,29,21485
CAN,3,2,5,10,1988,,237,31,23480
CAN,7,4,7,18,1992,,257,34,25401
CAN,3,11,8,22,1996,,271,37,25358
CAN,3,3,8,14,2000,,300,40,27391
CAN,3,6,3,12,2004,,301,40,27374
CAN,3,9,7,19,2008,,302,42,27414
CAN,1,5,12,18,2012,,302,40,26299
CAN,4,3,15,22,2016,,306,42,28336
CAN,7,6,11,24,2020,,339,50,33424
CAN,9,7,11,27,2024,,329,48,32481
CAY,0,0,0,0,1976,,198,27,212
CAY,0,0,0,0,1984,,221,29,2114
CAY,0,0,0,0,1988,,237,31,2312
CAY,0,0,0,0,1992,,257,34,2513
CAY,0,0,0,0,1996,,271,37,259
CAY,0,0,0,0,2000,,300,40,274
CAY,0,0,0,0,2004,,301,40,278
CAY,0,0,0,0,2008,,302,42,276
CAY,0,0,0,0,2012,,302,40,267
CAY,0,0,0,0,2016,,306,42,285
CAY,0,0,0,0,2020,,339,50,339
CAY,0,0,0,0,2024,,329,48,325
CGO,0,0,0,0,1964,,163,25,192
CGO,0,0,0,0,1972,,195,28,218
CGO,0,0,0,0,1980,,203,27,2125
CGO,0,0,0,0,1984,,221,29,2113
CGO,0,0,0,0,1988,,237,31,2310
CGO,0,0,0,0,1992,,257,34,2510
CGO,0,0,0,0,1996,,271,37,255
CGO,0,0,0,0,2000,,300,40,275
CGO,0,0,0,0,2004,,301,40,275
CGO,0,0,0,0,2008,,302,42,275
CGO,0,0,0,0,2012,,302,40,267
CGO,0,0,0,0,2016,,306,42,2810
CGO,0,0,0,0,2020,,339,50,333
CGO,0,0,0,0,2024,,329,48,324
CHA,0,0,0,0,1964,,163,25,192
CHA,0,0,0,0,1968,,172,24,184
CHA,0,0,0,0,1972,,195,28,215
CHA,0,0,0,0,1984,,221,29,213
CHA,0,0,0,0,1988,,237,31,236
CHA,0,0,0,0,1992,,257,34,257
CHA,0,0,0,0,1996,,271,37,254
CHA,0,0,0,0,2000,,300,40,273
CHA,0,0,0,0,2004,,301,40,271
CHA,0,0,0,0,2008,,302,42,272
CHA,0,0,0,0,2012,,302,40,262
CHA,0,0,0,0,2016,,306,42,282
CHA,0,0,0,0,2020,,339,50,333
CHA,0,0,0,0,2024,,329,48,323
CHI,0,0,0,0,1912,,102,18,1428
CHI,0,0,0,0,1920,,156,29,222
CHI,0,0,0,0,1924,,126,23,1718
CHI,0,1,0,1,1928,,109,20,1445
CHI,0,0,0,0,1936,,129,25,1956
CHI,0,0,0,0,1948,,136,23,1772
CHI,0,2,0,2,1952,,149,23,1778
CHI,0,2,2,4,1956,,151,23,1739
CHI,0,0,0,0,1960,,150,23,179
CHI,0,0,0,0,1964,,163,25,1916
CHI,0,0,0,0,1968,,172,24,1825
CHI,0,0,0,0,1972,,195,28,2113
CHI,0,0,0,0,1976,,198,27,219
CHI,0,0,0,0,1984,,221,29,2164
CHI,0,1,0,1,1988,,237,31,2322
CHI,0,0,0,0,1992,,257,34,2515
CHI,0,0,0,0,1996,,271,37,2524
CHI,0,0,1,1,2000,,300,40,2741
CHI,2,0,1,3,2004,,301,40,2725
CHI,0,1,0,1,2008,,302,42,2728
CHI,0,0,0,0,2012,,302,40,2644
CHI,0,0,0,0,2016,,306,42,2847
CHI,0,0,0,0,2020,,339,50,3363
CHI,1,1,0,2,2024,,329,48,3250
CHN,0,0,0,0,1932,,117,20,142
CHN,0,0,0,0,1936,,129,25,1965
CHN,0,0,0,0,1948,,136,23,1733
CHN,0,0,0,0,1952,,149,23,171
CHN,15,8,9,32,1984,,221,29,21249
CHN,5,11,12,28,1988,,237,31,23375
CHN,16,22,15,53,1992,,257,34,25312
CHN,16,22,12,50,1996,,271,37,25332
CHN,28,16,14,58,2000,,300,40,27335
CHN,32,17,14,63,2004,,301,40,27424
CHN,51,21,28,100,2008,,302,42,27546
CHN,38,27,23,88,2012,,302,40,26354
CHN,26,18,26,70,2016,,306,42,28386
CHN,38,32,18,88,2020,,339,50,33433
CHN,40,27,24,91,2024,,329,48,32419
CIV,0,0,0,0,1964,,163,25,1910
CIV,0,0,0,0,1968,,172,24,1811
CIV,0,0,0,0,1972,,195,28,2113
CIV,0,0,0,0,1976,,198,27,2111
CIV,0,1,0,1,1984,,221,29,2117
CIV,0,0,0,0,1988,,237,31,2329
CIV,0,0,0,0,1992,,257,34,2518
CIV,0,0,0,0,1996,,271,37,2513
CIV,0,0,0,0,2000,,300,40,2718
CIV,0,0,0,0,2004,,301,40,275
CIV,0,0,0,0,2008,,302,42,2722
CIV,0,0,0,0,2012,,302,40,2610
CIV,1,0,1,2,2016,,306,42,2813
CIV,0,0,1,1,2020,,339,50,3331
CIV,0,0,1,1,2024,,329,48,3217
CMR,0,0,0,0,1964,,163,25,192
CMR,0,1,0,1,1968,,172,24,184
CMR,0,0,0,0,1972,,195,28,2118
CMR,0,0,0,0,1976,,198,27,214
CMR,0,0,0,0,1980,,203,27,2129
CMR,0,0,1,1,1984,,221,29,2155
CMR,0,0,0,0,1988,,237,31,2321
CMR,0,0,0,0,1992,,257,34,2512
CMR,0,0,0,0,1996,,271,37,2519
CMR,1,0,0,1,2000,,300,40,2721
CMR,1,0,0,1,2004,,301,40,2718
CMR,1,0,0,1,2008,,302,42,2731
CMR,0,0,0,0,2012,,302,40,2632
CMR,0,0,0,0,2016,,306,42,2822
CMR,0,0,0,0,2020,,339,50,3312
CMR,0,0,0,0,2024,,329,48,326
COD,0,0,0,0,1968,,172,24,188
COD,0,0,0,0,1984,,221,29,219
COD,0,0,0,0,1988,,237,31,2321
COD,0,0,0,0,1992,,257,34,2519
COD,0,0,0,0,1996,,271,37,2514
COD,0,0,0,0,2000,,300,40,273
COD,0,0,0,0,2004,,301,40,276
COD,0,0,0,0,2008,,302,42,275
COD,0,0,0,0,2012,,302,40,264
COD,0,0,0,0,2016,,306,42,284
COD,0,0,0,0,2020,,339,50,337
COD,0,0,0,0,2024,,329,48,326
COK,0,0,0,0,1988,,237,31,238
COK,0,0,0,0,1992,,257,34,252
COK,0,0,0,0,1996,,271,37,253
COK,0,0,0,0,2000,,300,40,272
COK,0,0,0,0,2004,,301,40,273
COK,0,0,0,0,2008,,302,42,274
COK,0,0,0,0,2012,,302,40,269
COK,0,0,0,0,2016,,306,42,289
COK,0,0,0,0,2020,,339,50,339
COK,0,0,0,0,2024,,329,48,322
COL,0,1,0,1,1900,,97,22,200
COL,0,0,0,0,1932,,117,20,142
COL,0,0,0,0,1936,,129,25,196
COL,0,0,0,0,1948,,136,23,1711
COL,0,0,0,0,1956,,151,23,1747
COL,0,0,0,0,1960,,150,23,1723
COL,0,0,0,0,1964,,163,25,1940
COL,0,0,0,0,1968,,172,24,1870
COL,0,1,2,3,1972,,195,28,2172
COL,0,0,0,0,1976,,198,27,2144
COL,0,0,0,0,1980,,203,27,2128
COL,0,1,0,1,1984,,221,29,2147
COL,0,0,1,1,1988,,237,31,2356
COL,0,0,1,1,1992,,257,34,2560
COL,0,0,0,0,1996,,271,37,2562
COL,1,0,0,1,2000,,300,40,2753
COL,0,0,2,2,2004,,301,40,2769
COL,0,1,1,2,2008,,302,42,2788
COL,1,3,4,8,2012,,302,40,26112
COL,3,2,3,8,2016,,306,42,28149
COL,0,4,1,5,2020,,339,50,3372
COL,0,3,1,4,2024,,329,48,32101
COM,0,0,0,0,1996,,271,37,254
COM,0,0,0,0,2000,,300,40,272
COM,0,0,0,0,2004,,301,40,273
COM,0,0,0,0,2008,,302,42,273
COM,0,0,0,0,2012,,302,40,263
COM,0,0,0,0,2016,,306,42,284
COM,0,0,0,0,2020,,339,50,333
COM,0,0,0,0,2024,,329,48,325
CPV,0,0,0,0,1996,,271,37,253
CPV,0,0,0,0,2000,,300,40,272
CPV,0,0,0,0,2004,,301,40,273
CPV,0,0,0,0,2008,,302,42,272
CPV,0,0,0,0,2012,,302,40,263
CPV,0,0,0,0,2016,,306,42,285
CPV,0,0,0,0,2020,,339,50,336
CPV,0,0,1,1,2024,,329,48,326
CRC,0,0,0,0,1936,,129,25,191
CRC,0,0,0,0,1964,,163,25,192
CRC,0,0,0,0,1968,,172,24,1827
CRC,0,0,0,0,1972,,195,28,214
CRC,0,0,0,0,1976,,198,27,2110
CRC,0,0,0,0,1980,,203,27,2137
CRC,0,0,0,0,1984,,221,29,2132
CRC,0,1,0,1,1988,,237,31,2332
CRC,0,0,0,0,1992,,257,34,2520
CRC,1,0,0,1,1996,,271,37,2512
CRC,0,0,2,2,2000,,300,40,277
CRC,0,0,0,0,2004,,301,40,2721
CRC,0,0,0,0,2008,,302,42,278
CRC,0,0,0,0,2012,,302,40,2611
CRC,0,0,0,0,2016,,306,42,2812
CRC,0,0,0,0,2020,,339,50,3318
CRC,0,0,0,0,2024,,329,48,326
CRO,0,1,2,3,1992,,257,34,2531
CRO,1,1,0,2,1996,,271,37,2589
CRO,1,0,1,2,2000,,300,40,2798
CRO,1,2,2,5,2004,,301,40,2779
CRO,0,2,3,5,2008,,302,42,27120
CRO,3,1,2,6,2012,,302,40,2683
CRO,5,3,2,10,2016,,306,42,2869
CRO,3,3,2,8,2020,,339,50,3363
CRO,2,2,3,7,2024,,329,48,3265
CRT,0,0,0,0,1906,,76,13,1111
CUB,1,1,0,2,1900,,97,22,200
CUB,4,0,0,4,1904,,95,18,161
CUB,0,0,0,0,1924,,126,23,1713
CUB,0,0,0,0,1928,,109,20,141
CUB,0,0,0,0,1932,,117,20,143
CUB,0,1,0,1,1948,,136,23,17110
CUB,0,0,0,0,1952,,149,23,1757
CUB,0,0,0,0,1956,,151,23,1724
CUB,0,0,0,0,1960,,150,23,1721
CUB,0,1,0,1,1964,,163,25,1975
CUB,0,4,0,4,1968,,172,24,18217
CUB,3,1,4,8,1972,,195,28,21179
CUB,6,4,3,13,1976,,198,27,21170
CUB,8,7,5,20,1980,,203,27,21268
CUB,14,6,11,31,1992,,257,34,25127
CUB,9,8,8,25,1996,,271,37,25123
CUB,11,11,7,29,2000,,300,40,27206
CUB,9,7,11,27,2004,,301,40,27115
CUB,2,11,11,24,2008,,302,42,27124
CUB,5,3,6,14,2012,,302,40,26104
CUB,5,2,4,11,2016,,306,42,28132
CUB,7,3,5,15,2020,,339,50,3366
CUB,2,1,6,9,2024,,329,48,3260
CYP,0,0,0,0,1980,,203,27,2115
CYP,0,0,0,0,1984,,221,29,2112
CYP,0,0,0,0,1988,,237,31,2311
CYP,0,0,0,0,1992,,257,34,2519
CYP,0,0,0,0,1996,,271,37,2524
CYP,0,0,0,0,2000,,300,40,2724
CYP,0,0,0,0,2004,,301,40,2721
CYP,0,0,0,0,2008,,302,42,2718
CYP,0,1,0,1,2012,,302,40,2612
CYP,0,0,0,0,2016,,306,42,2821
CYP,0,0,0,0,2020,,339,50,3323
CYP,0,1,0,1,2024,,329,48,3222
CZE,4,3,4,11,1996,,271,37,25156
CZE,2,3,3,8,2000,,300,40,27153
CZE,1,3,5,9,2004,,301,40,27158
CZE,3,3,0,6,2008,,302,42,27151
CZE,4,3,3,10,2012,,302,40,26145
CZE,1,2,7,10,2016,,306,42,28120
CZE,4,4,3,11,2020,,339,50,33138
CZE,3,0,2,5,2024,,329,48,32140
DEN,1,2,3,6,1896,,43,10,119
DEN,2,3,2,7,1900,,97,22,2027
DEN,3,2,1,6,1906,,76,13,1134
DEN,0,2,3,5,1908,,110,25,2290
DEN,1,6,5,12,1912,,102,18,14146
DEN,3,9,1,13,1920,,156,29,22175
DEN,2,6,3,11,1924,,126,23,17144
DEN,3,2,4,9,1928,,109,20,14107
DEN,0,5,3,8,1932,,117,20,1483
DEN,0,2,3,5,1936,,129,25,19167
DEN,5,8,9,22,1948,,136,23,17202
DEN,2,1,3,6,1952,,149,23,17192
DEN,1,2,1,4,1956,,151,23,1745
DEN,2,3,1,6,1960,,150,23,1786
DEN,2,1,3,6,1964,,163,25,1959
DEN,1,4,3,8,1968,,172,24,1876
DEN,1,0,0,1,1972,,195,28,21154
DEN,1,0,2,3,1976,,198,27,2173
DEN,2,1,2,5,1980,,203,27,2152
DEN,0,3,3,6,1984,,221,29,2161
DEN,2,1,1,4,1988,,237,31,23123
DEN,1,1,4,6,1992,,257,34,25130
DEN,4,1,1,6,1996,,271,37,25122
DEN,2,3,1,6,2000,,300,40,2799
DEN,2,1,5,8,2004,,301,40,2786
DEN,2,2,3,7,2008,,302,42,2789
DEN,2,4,3,9,2012,,302,40,26133
DEN,2,6,7,15,2016,,306,42,28102
DEN,3,4,4,11,2020,,339,50,33105
DEN,2,2,5,9,2024,,329,48,32120
DJI,0,0,0,0,1984,,221,29,213
DJI,0,0,1,1,1988,,237,31,235
DJI,0,0,0,0,1992,,257,34,258
DJI,0,0,0,0,1996,,271,37,255
DJI,0,0,0,0,2000,,300,40,272
DJI,0,0,0,0,2008,,302,42,272
DJI,0,0,0,0,2012,,302,40,264
DJI,0,0,0,0,2016,,306,42,288
DJI,0,0,0,0,2020,,339,50,335
DJI,0,0,0,0,2024,,329,48,327
DMA,0,0,0,0,1996,,271,37,256
DMA,0,0,0,0,2000,,300,40,274
DMA,0,0,0,0,2004,,301,40,272
DMA,0,0,0,0,2008,,302,42,272
DMA,0,0,0,0,2012,,302,40,262
DMA,0,0,0,0,2016,,306,42,282
DMA,0,0,0,0,2020,,339,50,332
DMA,1,0,0,1,2024,,329,48,323
DOM,0,0,0,0,1964,,163,25,191
DOM,0,0,0,0,1968,,172,24,1824
DOM,0,0,0,0,1972,,195,28,215
DOM,0,0,0,0,1976,,198,27,2111
DOM,0,0,0,0,1980,,203,27,217
DOM,0,0,1,1,1984,,221,29,2123
DOM,0,0,0,0,1988,,237,31,2318
DOM,0,0,0,0,1992,,257,34,2532
DOM,0,0,0,0,1996,,271,37,2516
DOM,0,0,0,0,2000,,300,40,2713
DOM,1,0,0,1,2004,,301,40,2732
DOM,1,1,0,2,2008,,302,42,2725
DOM,1,1,0,2,2012,,302,40,2634
DOM,0,0,1,1,2016,,306,42,2829
DOM,0,3,2,5,2020,,339,50,3337
DOM,1,0,2,3,2024,,329,48,3261
ECU,0,0,0,0,1924,,126,23,174
ECU,0,0,0,0,1968,,172,24,1841
ECU,0,0,0,0,1972,,195,28,214
ECU,0,0,0,0,1976,,198,27,218
ECU,0,0,0,0,1980,,203,27,2116
ECU,0,0,0,0,1984,,221,29,2115
ECU,0,0,0,0,1988,,237,31,2315
ECU,0,0,0,0,1992,,257,34,2515
ECU,1,0,0,1,1996,,271,37,2527
ECU,0,0,0,0,2000,,300,40,2711
ECU,0,0,0,0,2004,,301,40,2718
ECU,0,1,0,1,2008,,302,42,2725
ECU,0,0,0,0,2012,,302,40,2636
ECU,0,0,0,0,2016,,306,42,2840
ECU,2,1,0,3,2020,,339,50,3349
ECU,1,2,2,5,2024,,329,48,3241
EGY,0,0,0,0,1906,,76,13,115
EGY,0,0,0,0,1920,,156,29,2222
EGY,0,0,0,0,1924,,126,23,1730
EGY,2,1,1,4,1928,,109,20,1439
EGY,2,1,2,5,1936,,129,25,1961
EGY,2,2,1,5,1948,,136,23,17161
EGY,0,0,1,1,1952,,149,23,17195
EGY,0,0,0,0,1956,,151,23,176
EGY,0,0,0,0,1964,,163,25,1983
EGY,0,0,0,0,1968,,172,24,1835
EGY,0,0,0,0,1972,,195,28,2126
EGY,0,0,0,0,1976,,198,27,2126
EGY,0,1,0,1,1984,,221,29,21147
EGY,0,0,0,0,1988,,237,31,2359
EGY,0,0,0,0,1992,,257,34,2583
EGY,0,0,0,0,1996,,271,37,2533
EGY,0,0,0,0,2000,,300,40,27103
EGY,1,1,3,5,2004,,301,40,2799
EGY,0,0,1,1,2008,,302,42,27115
EGY,0,2,0,2,2012,,302,40,26130
EGY,0,0,3,3,2016,,306,42,28134
EGY,1,1,4,6,2020,,339,50,33189
EGY,1,1,1,3,2024,,329,48,32204
EOR,0,0,0,0,2020,,339,50,3335
EOR,0,0,1,1,2024,,329,48,3243
ERI,0,0,0,0,2000,,300,40,273
ERI,0,0,1,1,2004,,301,40,274
ERI,0,0,0,0,2008,,302,42,2711
ERI,0,0,0,0,2012,,302,40,2612
ERI,0,0,0,0,2016,,306,42,2812
ERI,0,0,0,0,2020,,339,50,3314
ERI,0,0,0,0,2024,,329,48,3212
ESA,0,0,0,0,1932,,117,20,144
ESA,0,0,0,0,1968,,172,24,18104
ESA,0,0,0,0,1972,,195,28,2118
ESA,0,0,0,0,1984,,221,29,2115
ESA,0,0,0,0,1988,,237,31,237
ESA,0,0,0,0,1992,,257,34,256
ESA,0,0,0,0,1996,,271,37,2510
ESA,0,0,0,0,2000,,300,40,2710
ESA,0,0,0,0,2004,,301,40,279
ESA,0,0,0,0,2008,,302,42,2714
ESA,0,0,0,0,2012,,302,40,2611
ESA,0,0,0,0,2016,,306,42,2810
ESA,0,0,0,0,2020,,339,50,337
ESA,0,0,0,0,2024,,329,48,329
ESP,1,0,0,1,1900,,97,22,2010
ESP,0,2,0,2,1920,,156,29,2288
ESP,0,0,0,0,1924,,126,23,17151
ESP,1,0,0,1,1928,,109,20,14103
ESP,0,0,1,1,1932,,117,20,147
ESP,0,1,0,1,1948,,136,23,1781
ESP,0,1,0,1,1952,,149,23,1741
ESP,0,0,0,0,1956,,151,23,1712
ESP,0,0,1,1,1960,,150,23,17224
ESP,0,0,0,0,1964,,163,25,1967
ESP,0,0,0,0,1968,,172,24,18137
ESP,0,0,1,1,1972,,195,28,21161
ESP,0,2,0,2,1976,,198,27,21154
ESP,1,3,2,6,1980,,203,27,21187
ESP,1,2,2,5,1984,,221,29,21238
ESP,1,1,2,4,1988,,237,31,23312
ESP,13,7,2,22,1992,,257,34,25468
ESP,5,6,6,17,1996,,271,37,25318
ESP,3,3,5,11,2000,,300,40,27389
ESP,3,11,6,20,2004,,301,40,27393
ESP,5,10,3,18,2008,,302,42,27285
ESP,3,10,4,17,2012,,302,40,26276
ESP,7,4,6,17,2016,,306,42,28318
ESP,3,8,6,17,2020,,339,50,33359
ESP,5,4,9,18,2024,,329,48,32443
EST,1,2,0,3,1920,,156,29,2217
EST,1,1,4,6,1924,,126,23,1741
EST,2,1,2,5,1928,,109,20,1414
EST,0,0,0,0,1932,,117,20,143
EST,2,2,3,7,1936,,129,25,1929
EST,1,0,1,2,1992,,257,34,2543
EST,0,0,0,0,1996,,271,37,2552
EST,1,0,2,3,2000,,300,40,2738
EST,0,1,2,3,2004,,301,40,2742
EST,1,1,0,2,2008,,302,42,2750
EST,0,1,1,2,2012,,302,40,2634
EST,0,0,1,1,2016,,306,42,2845
EST,1,0,1,2,2020,,339,50,3337
EST,0,0,0,0,2024,,329,48,3226
ETH,0,0,0,0,1956,,151,23,1730
ETH,1,0,0,1,1960,,150,23,1714
ETH,1,0,0,1,1964,,163,25,1918
ETH,1,1,0,2,1968,,172,24,1824
ETH,0,0,2,2,1972,,195,28,2138
ETH,2,0,2,4,1980,,203,27,2144
ETH,1,0,2,3,1992,,257,34,2521
ETH,2,0,1,3,1996,,271,37,2516
ETH,4,1,3,8,2000,,300,40,2719
ETH,2,3,2,7,2004,,301,40,2720
ETH,4,1,2,7,2008,,302,42,2722
ETH,3,1,3,7,2012,,302,40,2627
ETH,1,2,5,8,2016,,306,42,2830
ETH,1,1,2,4,2020,,339,50,3334
ETH,1,3,0,4,2024,,329,48,3231
EUN,45,38,29,112,1992,,257,34,25430
FIJ,0,0,0,0,1956,,151,23,175
FIJ,0,0,0,0,1960,,150,23,173
FIJ,0,0,0,0,1968,,172,24,181
FIJ,0,0,0,0,1972,,195,28,214
FIJ,0,0,0,0,1976,,198,27,215
FIJ,0,0,0,0,1984,,221,29,2126
FIJ,0,0,0,0,1988,,237,31,2341
FIJ,0,0,0,0,1992,,257,34,2536
FIJ,0,0,0,0,1996,,271,37,2521
FIJ,0,0,0,0,2000,,300,40,279
FIJ,0,0,0,0,2004,,301,40,279
FIJ,0,0,0,0,2008,,302,42,276
FIJ,0,0,0,0,2012,,302,40,269
FIJ,1,0,0,1,2016,,306,42,2840
FIJ,1,0,1,2,2020,,339,50,336
FIJ,0,1,0,1,2024,,329,48,3222
FIN,2,1,1,4,1906,,76,13,1114
FIN,1,1,3,5,1908,,110,25,2264
FIN,9,8,9,26,1912,,102,18,14162
FIN,15,10,9,34,1920,,156,29,2284
FIN,14,13,10,37,1924,,126,23,17201
FIN,8,8,9,25,1928,,109,20,14107
FIN,5,8,12,25,1932,,117,20,1437
FIN,8,6,6,20,1936,,129,25,19159
FIN,8,8,6,22,1948,,136,23,17182
FIN,6,3,13,22,1952,,149,23,17372
FIN,3,1,11,15,1956,,151,23,17121
FIN,1,1,3,5,1960,,150,23,17213
FIN,3,0,2,5,1964,,163,25,19146
FIN,1,2,1,4,1968,,172,24,18122
FIN,3,1,4,8,1972,,195,28,21123
FIN,4,2,0,6,1976,,198,27,21102
FIN,3,1,4,8,1980,,203,27,21116
FIN,4,2,6,12,1984,,221,29,2195
FIN,1,1,2,4,1988,,237,31,2397
FIN,1,2,2,5,1992,,257,34,25123
FIN,1,2,1,4,1996,,271,37,25101
FIN,2,1,1,4,2000,,300,40,2783
FIN,0,2,0,2,2004,,301,40,2765
FIN,1,1,2,4,2008,,302,42,2765
FIN,0,1,2,3,2012,,302,40,2664
FIN,0,0,1,1,2016,,306,42,2866
FIN,0,0,2,2,2020,,339,50,3347
FIN,0,0,0,0,2024,,329,48,3262
FRA,5,4,2,11,1896,,43,10,1115
FRA,28,40,34,102,1900,,97,22,20836
FRA,0,2,0,2,1904,,95,18,160
FRA,15,10,16,41,1906,,76,13,11110
FRA,5,5,9,19,1908,,110,25,22279
FRA,7,5,3,15,1912,,102,18,14206
FRA,9,20,13,42,1920,,156,29,22311
FRA,14,14,12,40,1924,,126,23,17526
FRA,7,12,6,25,1928,,109,20,14372
FRA,11,5,4,20,1932,,117,20,14119
FRA,7,6,6,19,1936,,129,25,19259
FRA,11,6,15,32,1948,,136,23,17361
FRA,6,6,6,18,1952,,149,23,17368
FRA,4,4,6,14,1956,,151,23,17194
FRA,0,2,3,5,1960,,150,23,17351
FRA,1,8,6,15,1964,,163,25,19183
FRA,7,3,5,15,1968,,172,24,18284
FRA,2,4,7,13,1972,,195,28,21334
FRA,2,3,4,9,1976,,198,27,21282
FRA,6,5,3,14,1980,,203,27,21171
FRA,5,7,16,28,1984,,221,29,21287
FRA,6,4,6,16,1988,,237,31,23384
FRA,8,5,16,29,1992,,257,34,25429
FRA,15,7,15,37,1996,,271,37,25402
FRA,13,14,11,38,2000,,300,40,27404
FRA,11,9,13,33,2004,,301,40,27408
FRA,7,16,18,41,2008,,302,42,27371
FRA,11,11,13,35,2012,,302,40,26344
FRA,10,18,14,42,2016,,306,42,28416
FRA,10,12,11,33,2020,,339,50,33397
FRA,16,26,22,64,2024,,329,48,32614
FRG,5,11,10,26,1968,,172,24,18381
FRG,13,11,16,40,1972,,195,28,21485
FRG,10,12,17,39,1976,,198,27,21374
FRG,17,19,23,59,1984,,221,29,21413
FRG,11,14,15,40,1988,,237,31,23401
FSM,0,0,0,0,2000,,300,40,275
FSM,0,0,0,0,2004,,301,40,275
FSM,0,0,0,0,2008,,302,42,275
FSM,0,0,0,0,2012,,302,40,266
FSM,0,0,0,0,2016,,306,42,285
FSM,0,0,0,0,2020,,339,50,333
FSM,0,0,0,0,2024,,329,48,323
GAB,0,0,0,0,1972,,195,28,211
GAB,0,0,0,0,1984,,221,29,214
GAB,0,0,0,0,1988,,237,31,232
GAB,0,0,0,0,1992,,257,34,255
GAB,0,0,0,0,1996,,271,37,259
GAB,0,0,0,0,2000,,300,40,276
GAB,0,0,0,0,2004,,301,40,275
GAB,0,0,0,0,2008,,302,42,274
GAB,0,1,0,1,2012,,302,40,2620
GAB,0,0,0,0,2016,,306,42,286
GAB,0,0,0,0,2020,,339,50,335
GAB,0,0,0,0,2024,,329,48,325
GAM,0,0,0,0,1984,,221,29,2116
GAM,0,0,0,0,1988,,237,31,236
GAM,0,0,0,0,1992,,257,34,258
GAM,0,0,0,0,1996,,271,37,2512
GAM,0,0,0,0,2000,,300,40,272
GAM,0,0,0,0,2004,,301,40,273
GAM,0,0,0,0,2008,,302,42,273
GAM,0,0,0,0,2012,,302,40,262
GAM,0,0,0,0,2016,,306,42,284
GAM,0,0,0,0,2020,,339,50,335
GAM,0,0,0,0,2024,,329,48,328
GBR,3,3,3,9,1896,,43,10,1116
GBR,19,11,12,42,1900,,97,22,2038
GBR,1,1,0,2,1904,,95,18,164
GBR,8,12,5,25,1906,,76,13,1174
GBR,56,50,37,143,1908,,110,25,22604
GBR,10,15,16,41,1912,,102,18,14291
GBR,14,16,13,43,1920,,156,29,22234
GBR,9,14,12,35,1924,,126,23,17364
GBR,4,11,7,22,1928,,109,20,14296
GBR,5,7,5,17,1932,,117,20,14135
GBR,4,7,3,14,1936,,129,25,19214
GBR,4,16,7,27,1948,,136,23,17529
GBR,1,2,8,11,1952,,149,23,17370
GBR,6,7,11,24,1956,,151,23,17237
GBR,2,6,12,20,1960,,150,23,17361
GBR,4,12,2,18,1964,,163,25,19273
GBR,5,5,3,13,1968,,172,24,18309
GBR,4,5,9,18,1972,,195,28,21404
GBR,3,5,5,13,1976,,198,27,21321
GBR,5,7,9,21,1980,,203,27,21281
GBR,5,11,21,37,1984,,221,29,21438
GBR,5,10,9,24,1988,,237,31,23418
GBR,5,3,12,20,1992,,257,34,25462
GBR,1,8,6,15,1996,,271,37,25365
GBR,11,10,7,28,2000,,300,40,27361
GBR,9,9,12,30,2004,,301,40,27303
GBR,19,13,16,48,2008,,302,42,27339
GBR,29,17,19,65,2012,,302,40,26558
GBR,27,23,17,67,2016,,306,42,28333
GBR,22,21,22,65,2020,,339,50,33407
GBR,13,22,28,63,2024,,329,48,32377
GBS,0,0,0,0,1996,,271,37,253
GBS,0,0,0,0,2000,,300,40,273
GBS,0,0,0,0,2004,,301,40,273
GBS,0,0,0,0,2008,,302,42,273
GBS,0,0,0,0,2012,,302,40,264
GBS,0,0,0,0,2016,,306,42,285
GBS,0,0,0,0,2020,,339,50,334
GBS,0,0,0,0,2024,,329,48,326
GDR,9,9,7,25,1968,,172,24,18294
GDR,20,23,23,66,1972,,195,28,21303
GDR,40,25,25,90,1976,,198,27,21212
GDR,47,37,42,126,1980,,203,27,21231
GDR,37,35,30,102,1988,,237,31,23221
GEO,0,0,2,2,1996,,271,37,2540
GEO,0,0,6,6,2000,,300,40,2741
GEO,2,2,0,4,2004,,301,40,2735
GEO,3,0,3,6,2008,,302,42,2732
GEO,1,3,3,7,2012,,302,40,2629
GEO,2,1,4,7,2016,,306,42,2838
GEO,2,5,1,8,2020,,339,50,3328
GEO,3,3,1,7,2024,,329,48,3231
GEQ,0,0,0,0,1984,,221,29,215
GEQ,0,0,0,0,1988,,237,31,237
GEQ,0,0,0,0,1992,,257,34,258
GEQ,0,0,0,0,1996,,271,37,258
GEQ,0,0,0,0,2000,,300,40,274
GEQ,0,0,0,0,2004,,301,40,272
GEQ,0,0,0,0,2008,,302,42,273
GEQ,0,0,0,0,2012,,302,40,262
GEQ,0,0,0,0,2016,,306,42,281
GEQ,0,0,0,0,2020,,339,50,333
GEQ,0,0,0,0,2024,,329,48,323
GER,7,5,2,14,1896,,43,10,1162
GER,4,3,1,8,1900,,97,22,2058
GER,4,5,7,16,1904,,95,18,1639
GER,4,6,4,14,1906,,76,13,11127
GER,3,5,5,13,1908,,110,25,22127
GER,6,13,7,26,1912,,102,18,14259
GER,11,9,19,39,1928,,109,20,14322
GER,5,12,7,24,1932,,117,20,14159
GER,38,31,32,101,1936,,129,25,19357
GER,0,7,17,24,1952,,149,23,17325
GER,6,13,7,26,1956,,151,23,17209
GER,12,19,11,42,1960,,150,23,17336
GER,10,22,18,50,1964,,163,25,19362
GER,33,21,28,82,1992,,257,34,25455
GER,20,18,27,65,1996,,271,37,25502
GER,13,17,26,56,2000,,300,40,27449
GER,13,16,20,49,2004,,301,40,27443
GER,16,10,15,41,2008,,302,42,27459
GER,11,19,14,44,2012,,302,40,26416
GER,17,10,15,42,2016,,306,42,28377
GER,10,11,16,37,2020,,339,50,33516
GER,11,12,8,31,2024,,329,48,32539
GHA,0,0,0,0,1952,,149,23,179
GHA,0,1,0,1,1960,,150,23,1714
GHA,0,0,1,1,1964,,163,25,1939
GHA,0,0,0,0,1968,,172,24,1836
GHA,0,0,1,1,1972,,195,28,2140
GHA,0,0,0,0,1984,,221,29,2127
GHA,0,0,0,0,1988,,237,31,2321
GHA,0,0,1,1,1992,,257,34,2521
GHA,0,0,0,0,1996,,271,37,2540
GHA,0,0,0,0,2000,,300,40,2728
GHA,0,0,0,0,2004,,301,40,2729
GHA,0,0,0,0,2008,,302,42,279
GHA,0,0,0,0,2012,,302,40,267
GHA,0,0,0,0,2016,,306,42,2815
GHA,0,0,1,1,2020,,339,50,3315
GHA,0,0,0,0,2024,,329,48,3211
GRE,10,17,17,44,1896,,43,10,11100
GRE,0,0,0,0,1900,,97,22,204
GRE,1,0,1,2,1904,,95,18,1615
GRE,8,14,13,35,1906,,76,13,11382
GRE,0,3,1,4,1908,,110,25,2245
GRE,1,0,1,2,1912,,102,18,1475
GRE,0,1,0,1,1920,,156,29,2293
GRE,1,0,0,1,1924,,126,23,1778
GRE,0,0,0,0,1928,,109,20,1447
GRE,0,0,0,0,1932,,117,20,1416
GRE,0,0,0,0,1936,,129,25,1964
GRE,0,0,0,0,1948,,136,23,1797
GRE,0,0,0,0,1952,,149,23,1754
GRE,0,0,1,1,1956,,151,23,1715
GRE,1,0,0,1,1960,,150,23,1756
GRE,0,0,0,0,1964,,163,25,1919
GRE,0,0,1,1,1968,,172,24,1843
GRE,0,2,0,2,1972,,195,28,2164
GRE,0,0,0,0,1976,,198,27,2140
GRE,1,0,2,3,1980,,203,27,2140
GRE,0,1,1,2,1984,,221,29,2171
GRE,0,0,1,1,1988,,237,31,2371
GRE,2,0,0,2,1992,,257,34,2574
GRE,4,4,0,8,1996,,271,37,25172
GRE,4,6,3,13,2000,,300,40,27157
GRE,6,6,4,16,2004,,301,40,27468
GRE,0,2,2,4,2008,,302,42,27169
GRE,0,0,2,2,2012,,302,40,26112
GRE,3,1,2,6,2016,,306,42,2897
GRE,2,1,1,4,2020,,339,50,3384
GRE,1,1,6,8,2024,,329,48,32116
GRN,0,0,0,0,1984,,221,29,216
GRN,0,0,0,0,1988,,237,31,237
GRN,0,0,0,0,1992,,257,34,255
GRN,0,0,0,0,1996,,271,37,255
GRN,0,0,0,0,2000,,300,40,273
GRN,0,0,0,0,2004,,301,40,275
GRN,0,0,0,0,2008,,302,42,279
GRN,1,0,0,1,2012,,302,40,267
GRN,0,1,0,1,2016,,306,42,285
GRN,0,0,1,1,2020,,339,50,335
GRN,0,0,2,2,2024,,329,48,324
GUA,0,0,0,0,1932,,117,20,141
GUA,0,0,0,0,1952,,149,23,1735
GUA,0,0,0,0,1968,,172,24,1867
GUA,0,0,0,0,1972,,195,28,2111
GUA,0,0,0,0,1976,,198,27,2128
GUA,0,0,0,0,1980,,203,27,2110
GUA,0,0,0,0,1984,,221,29,2153
GUA,0,0,0,0,1988,,237,31,2337
GUA,0,0,0,0,1992,,257,34,2541
GUA,0,0,0,0,1996,,271,37,2528
GUA,0,0,0,0,2000,,300,40,2718
GUA,0,0,0,0,2004,,301,40,2719
GUA,0,0,0,0,2008,,302,42,2713
GUA,0,1,0,1,2012,,302,40,2623
GUA,0,0,0,0,2016,,306,42,2825
GUA,0,0,0,0,2020,,339,50,3324
GUA,1,0,1,2,2024,,329,48,3214
GUI,0,0,0,0,1968,,172,24,1815
GUI,0,0,0,0,1980,,203,27,2110
GUI,0,0,0,0,1984,,221,29,211
GUI,0,0,0,0,1988,,237,31,237
GUI,0,0,0,0,1992,,257,34,2511
GUI,0,0,0,0,1996,,271,37,255
GUI,0,0,0,0,2000,,300,40,276
GUI,0,0,0,0,2004,,301,40,274
GUI,0,0,0,0,2008,,302,42,275
GUI,0,0,0,0,2012,,302,40,264
GUI,0,0,0,0,2016,,306,42,285
GUI,0,0,0,0,2020,,339,50,335
GUI,0,0,0,0,2024,,329,48,3225
GUM,0,0,0,0,1988,,237,31,2326
GUM,0,0,0,0,1992,,257,34,2545
GUM,0,0,0,0,1996,,271,37,259
GUM,0,0,0,0,2000,,300,40,277
GUM,0,0,0,0,2004,,301,40,274
GUM,0,0,0,0,2008,,302,42,277
GUM,0,0,0,0,2012,,302,40,268
GUM,0,0,0,0,2016,,306,42,285
GUM,0,0,0,0,2020,,339,50,335
GUM,0,0,0,0,2024,,329,48,329
GUY,0,0,0,0,1948,,136,23,177
GUY,0,0,0,0,1952,,149,23,171
GUY,0,0,0,0,1956,,151,23,176
GUY,0,0,0,0,1960,,150,23,176
GUY,0,0,0,0,1964,,163,25,191
GUY,0,0,0,0,1968,,172,24,186
GUY,0,0,0,0,1972,,195,28,214
GUY,0,0,1,1,1980,,203,27,219
GUY,0,0,0,0,1984,,221,29,2112
GUY,0,0,0,0,1988,,237,31,238
GUY,0,0,0,0,1992,,257,34,257
GUY,0,0,0,0,1996,,271,37,259
GUY,0,0,0,0,2000,,300,40,274
GUY,0,0,0,0,2004,,301,40,274
GUY,0,0,0,0,2008,,302,42,274
GUY,0,0,0,0,2012,,302,40,266
GUY,0,0,0,0,2016,,306,42,287
GUY,0,0,0,0,2020,,339,50,337
GUY,0,0,0,0,2024,,329,48,325
HAI,1,0,0,1,1900,,97,22,203
HAI,0,0,1,1,1924,,126,23,1711
HAI,0,1,0,1,1928,,109,20,142
HAI,0,0,0,0,1932,,117,20,143
HAI,0,0,0,0,1960,,150,23,171
HAI,0,0,0,0,1972,,195,28,217
HAI,0,0,0,0,1976,,198,27,2114
HAI,0,0,0,0,1984,,221,29,213
HAI,0,0,0,0,1988,,237,31,235
HAI,0,0,0,0,1992,,257,34,258
HAI,0,0,0,0,1996,,271,37,257
HAI,0,0,0,0,2000,,300,40,275
HAI,0,0,0,0,2004,,301,40,278
HAI,0,0,0,0,2008,,302,42,277
HAI,0,0,0,0,2012,,302,40,265
HAI,0,0,0,0,2016,,306,42,2810
HAI,0,0,0,0,2020,,339,50,336
HAI,0,0,0,0,2024,,329,48,3212
HKG,0,0,0,0,1952,,149,23,179
HKG,0,0,0,0,1956,,151,23,174
HKG,0,0,0,0,1960,,150,23,174
HKG,0,0,0,0,1964,,163,25,1950
HKG,0,0,0,0,1968,,172,24,1825
HKG,0,0,0,0,1972,,195,28,2118
HKG,0,0,0,0,1976,,198,27,2150
HKG,0,0,0,0,1984,,221,29,2187
HKG,0,0,0,0,1988,,237,31,2391
HKG,0,0,0,0,1992,,257,34,2566
HKG,1,0,0,1,1996,,271,37,2531
HKG,0,0,0,0,2000,,300,40,2746
HKG,0,1,0,1,2004,,301,40,2740
HKG,0,0,0,0,2008,,302,42,2747
HKG,0,0,1,1,2012,,302,40,2654
HKG,0,0,0,0,2016,,306,42,2847
HKG,1,2,3,6,2020,,339,50,3357
HKG,2,0,2,4,2024,,329,48,3247
HON,0,0,0,0,1968,,172,24,186
HON,0,0,0,0,1976,,198,27,213
HON,0,0,0,0,1984,,221,29,2126
HON,0,0,0,0,1988,,237,31,2318
HON,0,0,0,0,1992,,257,34,2527
HON,0,0,0,0,1996,,271,37,257
HON,0,0,0,0,2000,,300,40,2720
HON,0,0,0,0,2004,,301,40,275
HON,0,0,0,0,2008,,302,42,2726
HON,0,0,0,0,2012,,302,40,2625
HON,0,0,0,0,2016,,306,42,2823
HON,0,0,0,0,2020,,339,50,3328
HON,0,0,0,0,2024,,329,48,324
HUN,2,1,3,6,1896,,43,10,1112
HUN,1,2,2,5,1900,,97,22,2029
HUN,2,1,1,4,1904,,95,18,165
HUN,2,5,3,10,1906,,76,13,1186
HUN,3,4,2,9,1908,,110,25,2287
HUN,3,2,3,8,1912,,102,18,14177
HUN,2,4,4,10,1924,,126,23,17118
HUN,5,5,0,10,1928,,109,20,14198
HUN,6,5,5,16,1932,,117,20,1485
HUN,10,1,5,16,1936,,129,25,19294
HUN,10,5,12,27,1948,,136,23,17160
HUN,16,10,16,42,1952,,149,23,17243
HUN,9,10,7,26,1956,,151,23,17133
HUN,6,8,7,21,1960,,150,23,17246
HUN,10,7,5,22,1964,,163,25,19263
HUN,10,10,12,32,1968,,172,24,18222
HUN,6,13,16,35,1972,,195,28,21286
HUN,4,5,13,22,1976,,198,27,21233
HUN,7,10,15,32,1980,,203,27,21331
HUN,11,6,6,23,1988,,237,31,23271
HUN,11,12,7,30,1992,,257,34,25306
HUN,7,4,10,21,1996,,271,37,25272
HUN,8,6,3,17,2000,,300,40,27185
HUN,8,6,3,17,2004,,301,40,27218
HUN,3,5,2,10,2008,,302,42,27189
HUN,8,4,6,18,2012,,302,40,26175
HUN,8,3,4,15,2016,,306,42,28182
HUN,6,7,7,20,2020,,339,50,33186
HUN,6,7,5,18,2024,,329,48,32225
INA,0,0,0,0,1952,,149,23,173
INA,0,0,0,0,1956,,151,23,1724
INA,0,0,0,0,1960,,150,23,1727
INA,0,0,0,0,1968,,172,24,186
INA,0,0,0,0,1972,,195,28,217
INA,0,0,0,0,1976,,198,27,2111
INA,0,0,0,0,1984,,221,29,2123
INA,0,1,0,1,1988,,237,31,2340
INA,2,2,1,5,1992,,257,34,2545
INA,1,1,2,4,1996,,271,37,2539
INA,1,3,2,6,2000,,300,40,2746
INA,1,1,2,4,2004,,301,40,2734
INA,1,1,3,5,2008,,302,42,2719
INA,0,1,1,2,2012,,302,40,2620
INA,1,2,0,3,2016,,306,42,2827
INA,1,1,3,5,2020,,339,50,3329
INA,2,0,1,3,2024,,329,48,3233
IND,0,2,0,2,1900,,97,22,203
IND,0,0,0,0,1920,,156,29,227
IND,0,0,0,0,1924,,126,23,1724
IND,1,0,0,1,1928,,109,20,1410
IND,1,0,0,1,1932,,117,20,1411
IND,1,0,0,1,1936,,129,25,1911
IND,1,0,0,1,1948,,136,23,1769
IND,1,0,1,2,1952,,149,23,1779
IND,1,0,0,1,1956,,151,23,1762
IND,0,1,0,1,1960,,150,23,1736
IND,1,0,0,1,1964,,163,25,1996
IND,0,0,1,1,1968,,172,24,1811
IND,0,0,1,1,1972,,195,28,2129
IND,0,0,0,0,1976,,198,27,2126
IND,1,0,0,1,1980,,203,27,2162
IND,0,0,0,0,1984,,221,29,2153
IND,0,0,0,0,1988,,237,31,2355
IND,0,0,0,0,1992,,257,34,2561
IND,0,0,1,1,1996,,271,37,2553
IND,0,0,1,1,2000,,300,40,2769
IND,0,1,0,1,2004,,301,40,2780
IND,1,0,2,3,2008,,302,42,2764
IND,0,2,4,6,2012,,302,40,2689
IND,0,1,1,2,2016,,306,42,28128
IND,1,2,4,7,2020,,339,50,33127
IND,0,1,5,6,2024,,329,48,32116
IOA,0,1,2,3,1992,,257,34,2573
IOA,0,0,0,0,2000,,300,40,274
IOA,0,0,0,0,2012,,302,40,264
IOA,1,0,1,2,2016,,306,42,287
IRI,0,0,0,0,1900,,97,22,201
IRI,0,0,1,1,1948,,136,23,1738
IRI,0,3,4,7,1952,,149,23,1716
IRI,2,2,1,5,1956,,151,23,1712
IRI,0,1,3,4,1960,,150,23,1720
IRI,0,0,2,2,1964,,163,25,1994
IRI,2,1,2,5,1968,,172,24,189
IRI,0,2,1,3,1972,,195,28,2153
IRI,0,1,1,2,1976,,198,27,21102
IRI,0,1,0,1,1988,,237,31,2325
IRI,0,1,2,3,1992,,257,34,2541
IRI,1,1,1,3,1996,,271,37,2515
IRI,3,0,1,4,2000,,300,40,2730
IRI,2,2,2,6,2004,,301,40,2731
IRI,1,0,1,2,2008,,302,42,2753
IRI,4,5,3,12,2012,,302,40,2645
IRI,3,1,4,8,2016,,306,42,2859
IRI,3,2,2,7,2020,,339,50,3369
IRI,3,6,3,12,2024,,329,48,3234
IRL,0,1,1,2,1924,,126,23,1758
IRL,1,0,0,1,1928,,109,20,1443
IRL,2,0,0,2,1932,,117,20,1416
IRL,0,0,1,1,1948,,136,23,1782
IRL,0,1,0,1,1952,,149,23,1724
IRL,1,1,3,5,1956,,151,23,1720
IRL,0,0,0,0,1960,,150,23,1763
IRL,0,0,1,1,1964,,163,25,1934
IRL,0,0,0,0,1968,,172,24,1857
IRL,0,0,0,0,1972,,195,28,2184
IRL,0,0,0,0,1976,,198,27,2159
IRL,0,1,1,2,1980,,203,27,2154
IRL,0,1,0,1,1984,,221,29,2154
IRL,0,0,0,0,1988,,237,31,2378
IRL,1,1,0,2,1992,,257,34,2575
IRL,3,0,1,4,1996,,271,37,2595
IRL,0,1,0,1,2000,,300,40,2775
IRL,0,0,0,0,2004,,301,40,2755
IRL,0,1,2,3,2008,,302,42,2760
IRL,1,1,3,5,2012,,302,40,2671
IRL,0,2,0,2,2016,,306,42,2890
IRL,2,0,2,4,2020,,339,50,33142
IRL,3,0,2,5,2024,,329,48,32178
IRQ,0,0,0,0,1948,,136,23,1713
IRQ,0,0,1,1,1960,,150,23,1727
IRQ,0,0,0,0,1964,,163,25,1919
IRQ,0,0,0,0,1968,,172,24,184
IRQ,0,0,0,0,1980,,203,27,2144
IRQ,0,0,0,0,1984,,221,29,2125
IRQ,0,0,0,0,1988,,237,31,2328
IRQ,0,0,0,0,1992,,257,34,258
IRQ,0,0,0,0,1996,,271,37,253
IRQ,0,0,0,0,2000,,300,40,274
IRQ,0,0,0,0,2004,,301,40,2724
IRQ,0,0,0,0,2008,,302,42,274
IRQ,0,0,0,0,2012,,302,40,268
IRQ,0,0,0,0,2016,,306,42,2820
IRQ,0,0,0,0,2020,,339,50,333
IRQ,0,0,0,0,2024,,329,48,3223
ISL,0,0,0,0,1908,,110,25,221
ISL,0,0,0,0,1912,,102,18,142
ISL,0,0,0,0,1936,,129,25,1913
ISL,0,0,0,0,1948,,136,23,1727
ISL,0,0,0,0,1952,,149,23,1718
ISL,0,1,0,1,1956,,151,23,171
ISL,0,0,0,0,1960,,150,23,1711
ISL,0,0,0,0,1964,,163,25,195
ISL,0,0,0,0,1968,,172,24,1816
ISL,0,0,0,0,1972,,195,28,2130
ISL,0,0,0,0,1976,,198,27,2122
ISL,0,0,0,0,1980,,203,27,2112
ISL,0,0,1,1,1984,,221,29,2134
ISL,0,0,0,0,1988,,237,31,2342
ISL,0,0,0,0,1992,,257,34,2531
ISL,0,0,0,0,1996,,271,37,2515
ISL,0,0,1,1,2000,,300,40,2728
ISL,0,0,0,0,2004,,301,40,2734
ISL,0,1,0,1,2008,,302,42,2717
ISL,0,0,0,0,2012,,302,40,2636
ISL,0,0,0,0,2016,,306,42,2814
ISL,0,0,0,0,2020,,339,50,335
ISL,0,0,0,0,2024,,329,48,327
ISR,0,0,0,0,1952,,149,23,1731
ISR,0,0,0,0,1956,,151,23,173
ISR,0,0,0,0,1960,,150,23,1746
ISR,0,0,0,0,1964,,163,25,1913
ISR,0,0,0,0,1968,,172,24,1839
ISR,0,0,0,0,1972,,195,28,2117
ISR,0,0,0,0,1976,,198,27,2134
ISR,0,0,0,0,1984,,221,29,2165
ISR,0,0,0,0,1988,,237,31,2329
ISR,0,1,1,2,1992,,257,34,2542
ISR,0,0,1,1,1996,,271,37,2537
ISR,0,0,1,1,2000,,300,40,2757
ISR,1,0,1,2,2004,,301,40,2744
ISR,0,0,1,1,2008,,302,42,2759
ISR,0,0,0,0,2012,,302,40,2656
ISR,0,0,2,2,2016,,306,42,2857
ISR,2,0,2,4,2020,,339,50,33114
ISR,1,5,1,7,2024,,329,48,32127
ISV,0,0,0,0,1968,,172,24,186
ISV,0,0,0,0,1972,,195,28,2116
ISV,0,0,0,0,1976,,198,27,2126
ISV,0,0,0,0,1984,,221,29,2152
ISV,0,1,0,1,1988,,237,31,2345
ISV,0,0,0,0,1992,,257,34,2534
ISV,0,0,0,0,1996,,271,37,2514
ISV,0,0,0,0,2000,,300,40,2712
ISV,0,0,0,0,2004,,301,40,279
ISV,0,0,0,0,2008,,302,42,278
ISV,0,0,0,0,2012,,302,40,269
ISV,0,0,0,0,2016,,306,42,287
ISV,0,0,0,0,2020,,339,50,335
ISV,0,0,0,0,2024,,329,48,325
ITA,0,0,0,0,1896,,43,10,111
ITA,3,2,0,5,1900,,97,22,2031
ITA,0,0,0,0,1904,,95,18,161
ITA,7,6,3,16,1906,,76,13,1147
ITA,2,2,0,4,1908,,110,25,2289
ITA,5,1,2,8,1912,,102,18,1471
ITA,14,6,5,25,1920,,156,29,22207
ITA,8,3,5,16,1924,,126,23,17282
ITA,7,6,7,20,1928,,109,20,14201
ITA,12,12,12,36,1932,,117,20,1477
ITA,9,13,5,27,1936,,129,25,19273
ITA,9,12,10,31,1948,,136,23,17243
ITA,8,9,4,21,1952,,149,23,17322
ITA,8,8,9,25,1956,,151,23,17160
ITA,13,10,13,36,1960,,150,23,17314
ITA,10,10,7,27,1964,,163,25,19205
ITA,3,4,9,16,1968,,172,24,18235
ITA,5,3,10,18,1972,,195,28,21320
ITA,2,7,4,13,1976,,198,27,21281
ITA,8,3,4,15,1980,,203,27,21166
ITA,14,6,12,32,1984,,221,29,21305
ITA,6,4,4,14,1988,,237,31,23345
ITA,6,5,8,19,1992,,257,34,25386
ITA,13,10,12,35,1996,,271,37,25389
ITA,13,8,13,34,2000,,300,40,27392
ITA,10,11,11,32,2004,,301,40,27370
ITA,8,9,10,27,2008,,302,42,27417
ITA,8,9,11,28,2012,,302,40,26314
ITA,8,12,8,28,2016,,306,42,28327
ITA,10,10,20,40,2020,,339,50,33448
ITA,12,11,13,36,2024,,329,48,32528
IVB,0,0,0,0,1984,,221,29,2113
IVB,0,0,0,0,1988,,237,31,234
IVB,0,0,0,0,1992,,257,34,254
IVB,0,0,0,0,1996,,271,37,2511
IVB,0,0,0,0,2000,,300,40,271
IVB,0,0,0,0,2004,,301,40,271
IVB,0,0,0,0,2008,,302,42,272
IVB,0,0,0,0,2012,,302,40,262
IVB,0,0,0,0,2016,,306,42,284
IVB,0,0,0,0,2020,,339,50,333
IVB,0,0,0,0,2024,,329,48,324
JAM,1,2,0,3,1948,,136,23,1723
JAM,2,3,0,5,1952,,149,23,178
JAM,0,0,0,0,1956,,151,23,1713
JAM,0,0,0,0,1964,,163,25,1932
JAM,0,1,0,1,1968,,172,24,1834
JAM,0,0,1,1,1972,,195,28,2150
JAM,1,1,0,2,1976,,198,27,2134
JAM,0,0,3,3,1980,,203,27,2129
JAM,0,1,2,3,1984,,221,29,2168
JAM,0,2,0,2,1988,,237,31,2342
JAM,0,3,1,4,1992,,257,34,2547
JAM,1,3,2,6,1996,,271,37,2553
JAM,0,6,3,9,2000,,300,40,2742
JAM,2,1,2,5,2004,,301,40,2749
JAM,5,2,2,9,2008,,302,42,2752
JAM,4,4,4,12,2012,,302,40,2637
JAM,6,3,2,11,2016,,306,42,2847
JAM,4,1,4,9,2020,,339,50,3366
JAM,1,3,2,6,2024,,329,48,3275
JOR,0,0,0,0,1980,,203,27,216
JOR,0,0,0,0,1984,,221,29,2115
JOR,0,0,0,0,1988,,237,31,239
JOR,0,0,0,0,1992,,257,34,255
JOR,0,0,0,0,1996,,271,37,255
JOR,0,0,0,0,2000,,300,40,278
JOR,0,0,0,0,2004,,301,40,278
JOR,0,0,0,0,2008,,302,42,277
JOR,0,0,0,0,2012,,302,40,269
JOR,1,0,0,1,2016,,306,42,287
JOR,0,1,1,2,2020,,339,50,3313
JOR,0,1,0,1,2024,,329,48,3212
JPN,0,0,0,0,1912,,102,18,144
JPN,0,2,0,2,1920,,156,29,2223
JPN,0,0,1,1,1924,,126,23,1736
JPN,2,2,1,5,1928,,109,20,1447
JPN,7,7,4,18,1932,,117,20,14172
JPN,6,4,10,20,1936,,129,25,19302
JPN,1,6,1,8,1952,,149,23,17121
JPN,4,10,3,17,1956,,151,23,17198
JPN,4,7,7,18,1960,,150,23,17247
JPN,16,5,8,29,1964,,163,25,19394
JPN,11,7,7,25,1968,,172,24,18226
JPN,13,8,8,29,1972,,195,28,21237
JPN,9,6,10,25,1976,,198,27,21287
JPN,10,7,14,31,1984,,221,29,21316
JPN,4,3,7,14,1988,,237,31,23392
JPN,3,8,11,22,1992,,257,34,25345
JPN,3,6,5,14,1996,,271,37,25406
JPN,5,8,5,18,2000,,300,40,27319
JPN,16,9,12,37,2004,,301,40,27321
JPN,9,7,9,25,2008,,302,42,27406
JPN,7,14,17,38,2012,,302,40,26315
JPN,12,8,21,41,2016,,306,42,28372
JPN,27,14,17,58,2020,,339,50,33656
JPN,20,12,13,45,2024,,329,48,32516
KAZ,3,4,4,11,1996,,271,37,25131
KAZ,3,4,0,7,2000,,300,40,27151
KAZ,1,4,3,8,2004,,301,40,27122
KAZ,2,4,7,13,2008,,302,42,27133
KAZ,7,1,5,13,2012,,302,40,26119
KAZ,3,5,10,18,2016,,306,42,28105
KAZ,0,0,8,8,2020,,339,50,33108
KAZ,1,3,3,7,2024,,329,48,32115
KEN,0,0,0,0,1956,,151,23,1731
KEN,0,0,0,0,1960,,150,23,1730
KEN,0,0,1,1,1964,,163,25,1940
KEN,3,4,2,9,1968,,172,24,1838
KEN,2,3,4,9,1972,,195,28,2157
KEN,1,0,2,3,1984,,221,29,2164
KEN,5,2,2,9,1988,,237,31,2379
KEN,2,4,2,8,1992,,257,34,2547
KEN,1,4,3,8,1996,,271,37,2546
KEN,2,3,2,7,2000,,300,40,2752
KEN,1,4,2,7,2004,,301,40,2739
KEN,6,4,5,15,2008,,302,42,2732
KEN,2,4,5,11,2012,,302,40,2640
KEN,6,6,1,13,2016,,306,42,2867
KEN,4,4,2,10,2020,,339,50,3379
KEN,4,2,5,11,2024,,329,48,3266
KGZ,0,0,0,0,1996,,271,37,2553
KGZ,0,0,1,1,2000,,300,40,2770
KGZ,0,0,0,0,2004,,301,40,2732
KGZ,0,1,1,2,2008,,302,42,2720
KGZ,0,0,0,0,2012,,302,40,2615
KGZ,0,0,0,0,2016,,306,42,2819
KGZ,0,2,1,3,2020,,339,50,3314
KGZ,0,2,4,6,2024,,329,48,3211
KIR,0,0,0,0,2004,,301,40,273
KIR,0,0,0,0,2008,,302,42,272
KIR,0,0,0,0,2012,,302,40,263
KIR,0,0,0,0,2016,,306,42,283
KIR,0,0,0,0,2020,,339,50,333
KIR,0,0,0,0,2024,,329,48,323
KOR,0,0,2,2,1948,,136,23,1746
KOR,0,0,2,2,1952,,149,23,1720
KOR,0,1,1,2,1956,,151,23,1734
KOR,0,0,0,0,1960,,150,23,1749
KOR,0,2,1,3,1964,,163,25,19237
KOR,0,1,1,2,1968,,172,24,1864
KOR,0,1,0,1,1972,,195,28,2142
KOR,1,1,4,6,1976,,198,27,2134
KOR,6,6,7,19,1984,,221,29,21199
KOR,12,10,11,33,1988,,237,31,23474
KOR,12,5,11,28,1992,,257,34,25273
KOR,7,15,5,27,1996,,271,37,25351
KOR,8,10,10,28,2000,,300,40,27286
KOR,9,12,9,30,2004,,301,40,27292
KOR,13,10,8,31,2008,,302,42,27251
KOR,13,8,7,28,2012,,302,40,26251
KOR,9,3,9,21,2016,,306,42,28237
KOR,6,4,10,20,2020,,339,50,33300
KOR,13,9,10,32,2024,,329,48,32190
KOS,1,0,0,1,2016,,306,42,287
KOS,2,0,0,2,2020,,339,50,339
KOS,0,1,1,2,2024,,329,48,327
KSA,0,0,0,0,1972,,195,28,2114
KSA,0,0,0,0,1976,,198,27,2119
KSA,0,0,0,0,1984,,221,29,2142
KSA,0,0,0,0,1988,,237,31,2313
KSA,0,0,0,0,1992,,257,34,2517
KSA,0,0,0,0,1996,,271,37,2534
KSA,0,1,1,2,2000,,300,40,2721
KSA,0,0,0,0,2004,,301,40,2716
KSA,0,0,0,0,2008,,302,42,2718
KSA,0,0,1,1,2012,,302,40,2619
KSA,0,0,0,0,2016,,306,42,2811
KSA,0,1,0,1,2020,,339,50,3332
KSA,0,0,0,0,2024,,329,48,3211
KUW,0,0,0,0,1968,,172,24,182
KUW,0,0,0,0,1972,,195,28,214
KUW,0,0,0,0,1976,,198,27,2121
KUW,0,0,0,0,1980,,203,27,2167
KUW,0,0,0,0,1984,,221,29,2131
KUW,0,0,0,0,1988,,237,31,2334
KUW,0,0,0,0,1992,,257,34,2537
KUW,0,0,0,0,1996,,271,37,2527
KUW,0,0,1,1,2000,,300,40,2729
KUW,0,0,0,0,2004,,301,40,2711
KUW,0,0,0,0,2008,,302,42,278
KUW,0,0,1,1,2012,,302,40,2611
KUW,0,0,1,1,2020,,339,50,339
KUW,0,0,0,0,2024,,329,48,329
LAO,0,0,0,0,1980,,203,27,2119
LAO,0,0,0,0,1988,,237,31,233
LAO,0,0,0,0,1992,,257,34,257
LAO,0,0,0,0,1996,,271,37,255
LAO,0,0,0,0,2000,,300,40,273
LAO,0,0,0,0,2004,,301,40,275
LAO,0,0,0,0,2008,,302,42,274
LAO,0,0,0,0,2012,,302,40,263
LAO,0,0,0,0,2016,,306,42,285
LAO,0,0,0,0,2020,,339,50,334
LAO,0,0,0,0,2024,,329,48,324
LAT,0,0,0,0,1924,,126,23,1747
LAT,0,0,0,0,1928,,109,20,1424
LAT,0,1,0,1,1932,,117,20,1412
LAT,0,1,1,2,1936,,129,25,1931
LAT,0,2,1,3,1992,,257,34,2537
LAT,0,1,0,1,1996,,271,37,2554
LAT,1,1,1,3,2000,,300,40,2757
LAT,0,4,0,4,2004,,301,40,2741
LAT,1,1,1,3,2008,,302,42,2750
LAT,1,0,1,2,2012,,302,40,2647
LAT,0,0,0,0,2016,,306,42,2833
LAT,1,0,1,2,2020,,339,50,3333
LAT,0,0,0,0,2024,,329,48,3232
LBA,0,0,0,0,1968,,172,24,181
LBA,0,0,0,0,1980,,203,27,2138
LBA,0,0,0,0,1988,,237,31,237
LBA,0,0,0,0,1992,,257,34,255
LBA,0,0,0,0,1996,,271,37,255
LBA,0,0,0,0,2000,,300,40,273
LBA,0,0,0,0,2004,,301,40,278
LBA,0,0,0,0,2008,,302,42,276
LBA,0,0,0,0,2012,,302,40,264
LBA,0,0,0,0,2016,,306,42,287
LBA,0,0,0,0,2020,,339,50,334
LBA,0,0,0,0,2024,,329,48,326
LBN,0,0,0,0,2020,,339,50,336
LBN,0,0,0,0,2024,,329,48,3211
LBR,0,0,0,0,1956,,151,23,1711
LBR,0,0,0,0,1960,,150,23,176
LBR,0,0,0,0,1964,,163,25,192
LBR,0,0,0,0,1972,,195,28,215
LBR,0,0,0,0,1984,,221,29,2110
LBR,0,0,0,0,1988,,237,31,2311
LBR,0,0,0,0,1996,,271,37,257
LBR,0,0,0,0,2000,,300,40,2710
LBR,0,0,0,0,2004,,301,40,272
LBR,0,0,0,0,2008,,302,42,274
LBR,0,0,0,0,2012,,302,40,263
LBR,0,0,0,0,2016,,306,42,283
LBR,0,0,0,0,2020,,339,50,334
LBR,0,0,0,0,2024,,329,48,3210
LCA,0,0,0,0,1996,,271,37,258
LCA,0,0,0,0,2000,,300,40,275
LCA,0,0,0,0,2004,,301,40,272
LCA,0,0,0,0,2008,,302,42,274
LCA,0,0,0,0,2012,,302,40,264
LCA,0,0,0,0,2016,,306,42,285
LCA,0,0,0,0,2020,,339,50,335
LCA,1,1,0,2,2024,,329,48,323
LES,0,0,0,0,1972,,195,28,212
LES,0,0,0,0,1980,,203,27,217
LES,0,0,0,0,1984,,221,29,215
LES,0,0,0,0,1988,,237,31,236
LES,0,0,0,0,1992,,257,34,258
LES,0,0,0,0,1996,,271,37,2511
LES,0,0,0,0,2000,,300,40,276
LES,0,0,0,0,2004,,301,40,273
LES,0,0,0,0,2008,,302,42,275
LES,0,0,0,0,2012,,302,40,264
LES,0,0,0,0,2016,,306,42,289
LES,0,0,0,0,2020,,339,50,332
LES,0,0,0,0,2024,,329,48,323
LIB,0,0,0,0,1948,,136,23,179
LIB,0,1,1,2,1952,,149,23,177
LIB,0,0,0,0,1960,,150,23,1722
LIB,0,0,0,0,1964,,163,25,198
LIB,0,0,0,0,1968,,172,24,1815
LIB,0,1,0,1,1972,,195,28,2135
LIB,0,0,0,0,1976,,198,27,214
LIB,0,0,1,1,1980,,203,27,2118
LIB,0,0,0,0,1984,,221,29,2130
LIB,0,0,0,0,1988,,237,31,2331
LIB,0,0,0,0,1992,,257,34,2518
LIB,0,0,0,0,1996,,271,37,251
LIB,0,0,0,0,2000,,300,40,276
LIB,0,0,0,0,2004,,301,40,275
LIB,0,0,0,0,2008,,302,42,276
LIB,0,0,0,0,2012,,302,40,2610
LIB,0,0,0,0,2016,,306,42,289
LIE,0,0,0,0,1936,,129,25,198
LIE,0,0,0,0,1948,,136,23,172
LIE,0,0,0,0,1952,,149,23,172
LIE,0,0,0,0,1960,,150,23,178
LIE,0,0,0,0,1964,,163,25,193
LIE,0,0,0,0,1968,,172,24,183
LIE,0,0,0,0,1972,,195,28,2112
LIE,0,0,0,0,1976,,198,27,219
LIE,0,0,0,0,1984,,221,29,218
LIE,0,0,0,0,1988,,237,31,2316
LIE,0,0,0,0,1992,,257,34,258
LIE,0,0,0,0,1996,,271,37,252
LIE,0,0,0,0,2000,,300,40,272
LIE,0,0,0,0,2004,,301,40,271
LIE,0,0,0,0,2008,,302,42,272
LIE,0,0,0,0,2012,,302,40,264
LIE,0,0,0,0,2016,,306,42,283
LIE,0,0,0,0,2020,,339,50,339
LIE,0,0,0,0,2024,,329,48,321
LTU,0,0,0,0,1924,,126,23,1713
LTU,0,0,0,0,1928,,109,20,1413
LTU,1,0,1,2,1992,,257,34,2541
LTU,0,0,1,1,1996,,271,37,2570
LTU,2,0,3,5,2000,,300,40,2760
LTU,1,2,0,3,2004,,301,40,2767
LTU,0,2,3,5,2008,,302,42,2773
LTU,2,1,2,5,2012,,302,40,2667
LTU,0,1,3,4,2016,,306,42,2873
LTU,0,1,0,1,2020,,339,50,3358
LTU,0,2,2,4,2024,,329,48,3256
LUX,1,0,0,1,1900,,97,22,200
LUX,0,0,0,0,1912,,102,18,1444
LUX,0,1,0,1,1920,,156,29,2234
LUX,1,1,0,2,1924,,126,23,17120
LUX,1,0,0,1,1928,,109,20,14106
LUX,0,0,0,0,1932,,117,20,1411
LUX,0,0,0,0,1936,,129,25,19129
LUX,0,0,0,0,1948,,136,23,17115
LUX,1,0,0,1,1952,,149,23,17100
LUX,0,0,0,0,1956,,151,23,1727
LUX,0,0,0,0,1960,,150,23,17117
LUX,0,0,0,0,1964,,163,25,1927
LUX,0,0,0,0,1968,,172,24,187
LUX,0,0,0,0,1972,,195,28,2115
LUX,0,0,0,0,1976,,198,27,219
LUX,0,0,0,0,1980,,203,27,214
LUX,0,0,0,0,1984,,221,29,215
LUX,0,0,0,0,1988,,237,31,2311
LUX,0,0,0,0,1992,,257,34,258
LUX,0,0,0,0,1996,,271,37,257
LUX,0,0,0,0,2000,,300,40,279
LUX,0,0,0,0,2004,,301,40,2714
LUX,0,0,0,0,2008,,302,42,2719
LUX,0,0,0,0,2012,,302,40,2611
LUX,0,0,0,0,2016,,306,42,2815
LUX,0,0,0,0,2020,,339,50,3314
LUX,0,0,0,0,2024,,329,48,3213
MAD,0,0,0,0,1964,,163,25,194
MAD,0,0,0,0,1968,,172,24,186
MAD,0,0,0,0,1972,,195,28,2113
MAD,0,0,0,0,1980,,203,27,2118
MAD,0,0,0,0,1984,,221,29,215
MAD,0,0,0,0,1992,,257,34,2517
MAD,0,0,0,0,1996,,271,37,2514
MAD,0,0,0,0,2000,,300,40,2713
MAD,0,0,0,0,2004,,301,40,278
MAD,0,0,0,0,2008,,302,42,276
MAD,0,0,0,0,2012,,302,40,267
MAD,0,0,0,0,2016,,306,42,286
MAD,0,0,0,0,2020,,339,50,336
MAD,0,0,0,0,2024,,329,48,327
MAL,0,0,0,0,1956,,151,23,1734
MAL,0,0,0,0,1960,,150,23,1711
MAR,0,1,0,1,1960,,150,23,17110
MAR,0,0,0,0,1964,,163,25,1921
MAR,0,0,0,0,1968,,172,24,1825
MAR,0,0,0,0,1972,,195,28,2139
MAR,0,0,0,0,1976,,198,27,219
MAR,2,0,0,2,1984,,221,29,2133
MAR,1,0,2,3,1988,,237,31,2326
MAR,1,1,1,3,1992,,257,34,2542
MAR,0,0,2,2,1996,,271,37,2536
MAR,0,1,4,5,2000,,300,40,2750
MAR,2,1,0,3,2004,,301,40,2754
MAR,0,1,1,2,2008,,302,42,2747
MAR,0,0,1,1,2012,,302,40,2666
MAR,0,0,1,1,2016,,306,42,2851
MAR,1,0,0,1,2020,,339,50,3350
MAR,1,0,1,2,2024,,329,48,3243
MAS,0,0,0,0,1964,,163,25,1981
MAS,0,0,0,0,1968,,172,24,1835
MAS,0,0,0,0,1972,,195,28,2157
MAS,0,0,0,0,1976,,198,27,2125
MAS,0,0,0,0,1984,,221,29,2127
MAS,0,0,0,0,1988,,237,31,2317
MAS,0,0,1,1,1992,,257,34,2528
MAS,0,1,1,2,1996,,271,37,2540
MAS,0,0,0,0,2000,,300,40,2755
MAS,0,0,0,0,2004,,301,40,2738
MAS,0,1,0,1,2008,,302,42,2741
MAS,0,1,1,2,2012,,302,40,2636
MAS,0,4,1,5,2016,,306,42,2834
MAS,0,1,1,2,2020,,339,50,3344
MAS,0,0,2,2,2024,,329,48,3229
MAW,0,0,0,0,1972,,195,28,2118
MAW,0,0,0,0,1984,,221,29,2123
MAW,0,0,0,0,1988,,237,31,2322
MAW,0,0,0,0,1992,,257,34,254
MAW,0,0,0,0,1996,,271,37,252
MAW,0,0,0,0,2000,,300,40,272
MAW,0,0,0,0,2004,,301,40,274
MAW,0,0,0,0,2008,,302,42,274
MAW,0,0,0,0,2012,,302,40,263
MAW,0,0,0,0,2016,,306,42,285
MAW,0,0,0,0,2020,,339,50,335
MAW,0,0,0,0,2024,,329,48,323
MDA,0,1,1,2,1996,,271,37,2547
MDA,0,1,1,2,2000,,300,40,2733
MDA,0,0,0,0,2004,,301,40,2733
MDA,0,0,1,1,2008,,302,42,2729
MDA,0,0,2,2,2012,,302,40,2618
MDA,0,0,0,0,2016,,306,42,2823
MDA,0,0,1,1,2020,,339,50,3325
MDA,0,1,3,4,2024,,329,48,3226
MDV,0,0,0,0,1988,,237,31,239
MDV,0,0,0,0,1992,,257,34,2510
MDV,0,0,0,0,1996,,271,37,259
MDV,0,0,0,0,2000,,300,40,274
MDV,0,0,0,0,2004,,301,40,274
MDV,0,0,0,0,2008,,302,42,274
MDV,0,0,0,0,2012,,302,40,265
MDV,0,0,0,0,2016,,306,42,284
MDV,0,0,0,0,2020,,339,50,334
MDV,0,0,0,0,2024,,329,48,325
MEX,0,0,1,1,1900,,97,22,200
MEX,0,0,0,0,1924,,126,23,1728
MEX,0,0,0,0,1928,,109,20,1455
MEX,0,2,0,2,1932,,117,20,1498
MEX,0,0,3,3,1936,,129,25,1916
MEX,2,1,2,5,1948,,136,23,17140
MEX,0,1,0,1,1952,,149,23,1784
MEX,1,0,1,2,1956,,151,23,1734
MEX,0,0,1,1,1960,,150,23,17109
MEX,0,0,1,1,1964,,163,25,19127
MEX,3,3,3,9,1968,,172,24,18437
MEX,0,1,0,1,1972,,195,28,21280
MEX,1,0,1,2,1976,,198,27,21135
MEX,0,1,3,4,1980,,203,27,2164
MEX,2,3,1,6,1984,,221,29,21149
MEX,0,0,2,2,1988,,237,31,23142
MEX,0,1,0,1,1992,,257,34,25139
MEX,0,0,1,1,1996,,271,37,25110
MEX,1,2,3,6,2000,,300,40,2792
MEX,0,3,1,4,2004,,301,40,27133
MEX,2,0,1,3,2008,,302,42,2799
MEX,1,3,3,7,2012,,302,40,2695
MEX,0,3,2,5,2016,,306,42,28134
MEX,0,0,4,4,2020,,339,50,33169
MEX,0,3,2,5,2024,,329,48,32147
MGL,0,0,0,0,1964,,163,25,1940
MGL,0,1,3,4,1968,,172,24,1834
MGL,0,1,0,1,1972,,195,28,2143
MGL,0,1,0,1,1976,,198,27,2132
MGL,0,2,2,4,1980,,203,27,2153
MGL,0,0,1,1,1988,,237,31,2331
MGL,0,0,2,2,1992,,257,34,2536
MGL,0,0,1,1,1996,,271,37,2517
MGL,0,0,0,0,2000,,300,40,2723
MGL,0,0,1,1,2004,,301,40,2720
MGL,2,2,0,4,2008,,302,42,2727
MGL,0,2,3,5,2012,,302,40,2627
MGL,0,1,1,2,2016,,306,42,2844
MGL,0,1,3,4,2020,,339,50,3357
MGL,0,1,0,1,2024,,329,48,3247
MHL,0,0,0,0,2008,,302,42,275
MHL,0,0,0,0,2012,,302,40,264
MHL,0,0,0,0,2016,,306,42,285
MHL,0,0,0,0,2020,,339,50,332
MHL,0,0,0,0,2024,,329,48,324
MKD,0,0,0,0,1996,,271,37,2516
MKD,0,0,1,1,2000,,300,40,2714
MKD,0,0,0,0,2004,,301,40,2714
MKD,0,0,0,0,2008,,302,42,277
MKD,0,0,0,0,2012,,302,40,264
MKD,0,0,0,0,2016,,306,42,286
MKD,0,1,0,1,2020,,339,50,337
MKD,0,0,0,0,2024,,329,48,326
MLI,0,0,0,0,1964,,163,25,192
MLI,0,0,0,0,1968,,172,24,182
MLI,0,0,0,0,1972,,195,28,213
MLI,0,0,0,0,1980,,203,27,217
MLI,0,0,0,0,1984,,221,29,215
MLI,0,0,0,0,1988,,237,31,238
MLI,0,0,0,0,1992,,257,34,256
MLI,0,0,0,0,1996,,271,37,254
MLI,0,0,0,0,2000,,300,40,275
MLI,0,0,0,0,2004,,301,40,2721
MLI,0,0,0,0,2008,,302,42,2717
MLI,0,0,0,0,2012,,302,40,266
MLI,0,0,0,0,2016,,306,42,286
MLI,0,0,0,0,2020,,339,50,334
MLI,0,0,0,0,2024,,329,48,3224
MLT,0,0,0,0,1928,,109,20,149
MLT,0,0,0,0,1936,,129,25,1911
MLT,0,0,0,0,1948,,136,23,171
MLT,0,0,0,0,1960,,150,23,1713
MLT,0,0,0,0,1968,,172,24,181
MLT,0,0,0,0,1972,,195,28,215
MLT,0,0,0,0,1980,,203,27,2112
MLT,0,0,0,0,1984,,221,29,217
MLT,0,0,0,0,1988,,237,31,236
MLT,0,0,0,0,1992,,257,34,258
MLT,0,0,0,0,1996,,271,37,2510
MLT,0,0,0,0,2000,,300,40,277
MLT,0,0,0,0,2004,,301,40,277
MLT,0,0,0,0,2008,,302,42,276
MLT,0,0,0,0,2012,,302,40,265
MLT,0,0,0,0,2016,,306,42,288
MLT,0,0,0,0,2020,,339,50,338
MLT,0,0,0,0,2024,,329,48,325
MNE,0,0,0,0,2008,,302,42,2720
MNE,0,1,0,1,2012,,302,40,2620
MNE,0,0,0,0,2016,,306,42,2835
MNE,0,0,0,0,2020,,339,50,3335
MNE,0,0,0,0,2024,,329,48,3219
MON,0,0,0,0,1920,,156,29,227
MON,0,0,1,1,1924,,126,23,178
MON,0,0,0,0,1928,,109,20,1412
MON,0,0,0,0,1932,,117,20,141
MON,0,0,0,0,1936,,129,25,1911
MON,0,0,0,0,1948,,136,23,174
MON,0,0,0,0,1952,,149,23,1710
MON,0,0,0,0,1960,,150,23,1713
MON,0,0,0,0,1964,,163,25,191
MON,0,0,0,0,1968,,172,24,182
MON,0,0,0,0,1972,,195,28,215
MON,0,0,0,0,1976,,198,27,2110
MON,0,0,0,0,1984,,221,29,218
MON,0,0,0,0,1988,,237,31,239
MON,0,0,0,0,1992,,257,34,254
MON,0,0,0,0,1996,,271,37,254
MON,0,0,0,0,2000,,300,40,274
MON,0,0,0,0,2004,,301,40,273
MON,0,0,0,0,2008,,302,42,275
MON,0,0,0,0,2012,,302,40,266
MON,0,0,0,0,2016,,306,42,288
MON,0,0,0,0,2020,,339,50,336
MON,0,0,0,0,2024,,329,48,326
MOZ,0,0,0,0,1980,,203,27,2116
MOZ,0,0,0,0,1984,,221,29,2114
MOZ,0,0,0,0,1988,,237,31,2312
MOZ,0,0,0,0,1992,,257,34,257
MOZ,0,0,1,1,1996,,271,37,252
MOZ,1,0,0,1,2000,,300,40,273
MOZ,0,0,0,0,2004,,301,40,274
MOZ,0,0,0,0,2008,,302,42,274
MOZ,0,0,0,0,2012,,302,40,266
MOZ,0,0,0,0,2016,,306,42,288
MOZ,0,0,0,0,2020,,339,50,3310
MOZ,0,0,0,0,2024,,329,48,327
MRI,0,0,0,0,1984,,221,29,217
MRI,0,0,0,0,1988,,237,31,2311
MRI,0,0,0,0,1992,,257,34,2522
MRI,0,0,0,0,1996,,271,37,2536
MRI,0,0,0,0,2000,,300,40,2726
MRI,0,0,0,0,2004,,301,40,279
MRI,0,0,1,1,2008,,302,42,2710
MRI,0,0,0,0,2012,,302,40,2611
MRI,0,0,0,0,2016,,306,42,2811
MRI,0,0,0,0,2020,,339,50,338
MRI,0,0,0,0,2024,,329,48,3212
MTN,0,0,0,0,1984,,221,29,212
MTN,0,0,0,0,1988,,237,31,237
MTN,0,0,0,0,1992,,257,34,256
MTN,0,0,0,0,1996,,271,37,254
MTN,0,0,0,0,2000,,300,40,272
MTN,0,0,0,0,2004,,301,40,272
MTN,0,0,0,0,2008,,302,42,272
MTN,0,0,0,0,2012,,302,40,262
MTN,0,0,0,0,2016,,306,42,282
MTN,0,0,0,0,2020,,339,50,332
MTN,0,0,0,0,2024,,329,48,322
MYA,0,0,0,0,1948,,136,23,175
MYA,0,0,0,0,1952,,149,23,175
MYA,0,0,0,0,1956,,151,23,1712
MYA,0,0,0,0,1960,,150,23,1710
MYA,0,0,0,0,1964,,163,25,1912
MYA,0,0,0,0,1968,,172,24,184
MYA,0,0,0,0,1972,,195,28,2119
MYA,0,0,0,0,1980,,203,27,212
MYA,0,0,0,0,1984,,221,29,211
MYA,0,0,0,0,1988,,237,31,233
MYA,0,0,0,0,1992,,257,34,255
MYA,0,0,0,0,1996,,271,37,253
MYA,0,0,0,0,2000,,300,40,277
MYA,0,0,0,0,2004,,301,40,272
MYA,0,0,0,0,2008,,302,42,277
MYA,0,0,0,0,2012,,302,40,266
MYA,0,0,0,0,2016,,306,42,288
MYA,0,0,0,0,2020,,339,50,332
MYA,0,0,0,0,2024,,329,48,322
NAM,0,2,0,2,1992,,257,34,258
NAM,0,2,0,2,1996,,271,37,258
NAM,0,0,0,0,2000,,300,40,2716
NAM,0,0,0,0,2004,,301,40,2710
NAM,0,0,0,0,2008,,302,42,2711
NAM,0,0,0,0,2012,,302,40,269
NAM,0,0,0,0,2016,,306,42,2811
NAM,0,1,0,1,2020,,339,50,3310
NAM,0,0,0,0,2024,,329,48,324
NBO,0,0,0,0,1956,,151,23,172
NCA,0,0,0,0,1968,,172,24,1816
NCA,0,0,0,0,1972,,195,28,2110
NCA,0,0,0,0,1976,,198,27,2125
NCA,0,0,0,0,1980,,203,27,216
NCA,0,0,0,0,1984,,221,29,215
NCA,0,0,0,0,1992,,257,34,259
NCA,0,0,0,0,1996,,271,37,2528
NCA,0,0,0,0,2000,,300,40,276
NCA,0,0,0,0,2004,,301,40,276
NCA,0,0,0,0,2008,,302,42,277
NCA,0,0,0,0,2012,,302,40,266
NCA,0,0,0,0,2016,,306,42,285
NCA,0,0,0,0,2020,,339,50,338
NCA,0,0,0,0,2024,,329,48,327
NED,1,2,4,7,1900,,97,22,2046
NED,0,1,2,3,1906,,76,13,1143
NED,0,0,2,2,1908,,110,25,22202
NED,0,0,3,3,1912,,102,18,1419
NED,4,2,5,11,1920,,156,29,22163
NED,4,1,6,11,1924,,126,23,17219
NED,8,10,5,23,1928,,109,20,14327
NED,2,5,1,8,1932,,117,20,1467
NED,6,4,7,17,1936,,129,25,19190
NED,5,2,9,16,1948,,136,23,17145
NED,0,5,0,5,1952,,149,23,17162
NED,0,0,0,0,1956,,151,23,171
NED,0,1,2,3,1960,,150,23,17157
NED,2,4,4,10,1964,,163,25,19127
NED,3,3,1,7,1968,,172,24,18126
NED,3,1,1,5,1972,,195,28,21193
NED,0,2,3,5,1976,,198,27,21161
NED,0,1,2,3,1980,,203,27,21106
NED,5,2,6,13,1984,,221,29,21144
NED,2,2,5,9,1988,,237,31,23157
NED,2,6,7,15,1992,,257,34,25224
NED,4,5,10,19,1996,,271,37,25217
NED,12,9,4,25,2000,,300,40,27206
NED,4,9,9,22,2004,,301,40,27187
NED,7,5,4,16,2008,,302,42,27222
NED,6,6,8,20,2012,,302,40,26153
NED,8,7,4,19,2016,,306,42,28282
NED,10,12,14,36,2020,,339,50,33319
NED,15,7,12,34,2024,,329,48,32331
NEP,0,0,0,0,1964,,163,25,196
NEP,0,0,0,0,1972,,195,28,212
NEP,0,0,0,0,1976,,198,27,211
NEP,0,0,0,0,1980,,203,27,2110
NEP,0,0,0,0,1984,,221,29,2110
NEP,0,0,0,0,1988,,237,31,2320
NEP,0,0,0,0,1992,,257,34,252
NEP,0,0,0,0,1996,,271,37,256
NEP,0,0,0,0,2000,,300,40,275
NEP,0,0,0,0,2004,,301,40,276
NEP,0,0,0,0,2008,,302,42,278
NEP,0,0,0,0,2012,,302,40,265
NEP,0,0,0,0,2016,,306,42,287
NEP,0,0,0,0,2020,,339,50,335
NEP,0,0,0,0,2024,,329,48,327
NFL,0,0,0,0,1904,,95,18,161
NGR,0,0,0,0,1952,,149,23,1715
NGR,0,0,0,0,1956,,151,23,1714
NGR,0,0,0,0,1960,,150,23,1715
NGR,0,0,1,1,1964,,163,25,1918
NGR,0,0,0,0,1968,,172,24,1846
NGR,0,0,1,1,1972,,195,28,2135
NGR,0,0,0,0,1980,,203,27,2156
NGR,0,1,1,2,1984,,221,29,2131
NGR,0,0,0,0,1988,,237,31,2386
NGR,0,3,1,4,1992,,257,34,2561
NGR,2,1,3,6,1996,,271,37,2560
NGR,1,2,0,3,2000,,300,40,2792
NGR,0,0,2,2,2004,,301,40,2771
NGR,0,1,3,4,2008,,302,42,2766
NGR,0,0,0,0,2012,,302,40,2658
NGR,0,0,1,1,2016,,306,42,2859
NGR,0,1,1,2,2020,,339,50,3366
NGR,0,0,0,0,2024,,329,48,32103
NIG,0,0,0,0,1964,,163,25,191
NIG,0,0,0,0,1968,,172,24,182
NIG,0,0,1,1,1972,,195,28,213
NIG,0,0,0,0,1984,,221,29,214
NIG,0,0,0,0,1988,,237,31,236
NIG,0,0,0,0,1992,,257,34,253
NIG,0,0,0,0,1996,,271,37,253
NIG,0,0,0,0,2000,,300,40,274
NIG,0,0,0,0,2004,,301,40,274
NIG,0,0,0,0,2008,,302,42,274
NIG,0,0,0,0,2012,,302,40,266
NIG,0,1,0,1,2016,,306,42,285
NIG,0,0,0,0,2020,,339,50,337
NIG,0,0,0,0,2024,,329,48,327
NOR,0,2,3,5,1900,,97,22,2020
NOR,2,0,0,2,1904,,95,18,164
NOR,1,1,0,2,1906,,76,13,1130
NOR,2,3,3,8,1908,,110,25,2261
NOR,4,1,5,10,1912,,102,18,14183
NOR,10,10,9,29,1920,,156,29,22130
NOR,5,2,3,10,1924,,126,23,1783
NOR,1,2,1,4,1928,,109,20,1470
NOR,0,0,0,0,1932,,117,20,148
NOR,1,3,2,6,1936,,129,25,1956
NOR,1,3,3,7,1948,,136,23,1779
NOR,3,2,0,5,1952,,149,23,17177
NOR,1,0,2,3,1956,,151,23,1726
NOR,1,0,0,1,1960,,150,23,1748
NOR,0,0,0,0,1964,,163,25,1943
NOR,1,1,0,2,1968,,172,24,1880
NOR,2,1,1,4,1972,,195,28,21153
NOR,1,1,0,2,1976,,198,27,2173
NOR,0,1,2,3,1984,,221,29,21128
NOR,2,3,0,5,1988,,237,31,2357
NOR,2,4,1,7,1992,,257,34,2591
NOR,2,2,3,7,1996,,271,37,2593
NOR,4,3,3,10,2000,,300,40,2772
NOR,5,0,1,6,2004,,301,40,2753
NOR,3,5,1,9,2008,,302,42,2780
NOR,2,1,1,4,2012,,302,40,2652
NOR,0,0,4,4,2016,,306,42,2858
NOR,4,2,2,8,2020,,339,50,3389
NOR,4,1,3,8,2024,,329,48,32105
NRU,0,0,0,0,1996,,271,37,253
NRU,0,0,0,0,2000,,300,40,272
NRU,0,0,0,0,2004,,301,40,273
NRU,0,0,0,0,2008,,302,42,271
NRU,0,0,0,0,2012,,302,40,262
NRU,0,0,0,0,2016,,306,42,282
NRU,0,0,0,0,2020,,339,50,332
NRU,0,0,0,0,2024,,329,48,321
NZL,1,0,0,1,1900,,97,22,200
NZL,0,0,1,1,1920,,156,29,225
NZL,0,0,1,1,1924,,126,23,175
NZL,1,0,0,1,1928,,109,20,1412
NZL,0,1,0,1,1932,,117,20,1427
NZL,1,0,0,1,1936,,129,25,198
NZL,0,0,0,0,1948,,136,23,178
NZL,1,0,2,3,1952,,149,23,1717
NZL,2,0,0,2,1956,,151,23,1754
NZL,2,0,1,3,1960,,150,23,1744
NZL,3,0,2,5,1964,,163,25,1982
NZL,1,0,2,3,1968,,172,24,1858
NZL,1,1,1,3,1972,,195,28,2198
NZL,2,1,1,4,1976,,198,27,2173
NZL,0,0,0,0,1980,,203,27,217
NZL,8,1,2,11,1984,,221,29,21139
NZL,3,2,8,13,1988,,237,31,2388
NZL,1,4,5,10,1992,,257,34,25160
NZL,3,2,1,6,1996,,271,37,25120
NZL,1,0,3,4,2000,,300,40,27173
NZL,3,2,0,5,2004,,301,40,27178
NZL,3,2,4,9,2008,,302,42,27186
NZL,6,2,5,13,2012,,302,40,26177
NZL,4,9,5,18,2016,,306,42,28196
NZL,7,6,7,20,2020,,339,50,33214
NZL,10,7,3,20,2024,,329,48,32202
OMA,0,0,0,0,1984,,221,29,2122
OMA,0,0,0,0,1988,,237,31,2313
OMA,0,0,0,0,1992,,257,34,255
OMA,0,0,0,0,1996,,271,37,255
OMA,0,0,0,0,2000,,300,40,278
OMA,0,0,0,0,2004,,301,40,272
OMA,0,0,0,0,2008,,302,42,274
OMA,0,0,0,0,2012,,302,40,263
OMA,0,0,0,0,2016,,306,42,284
OMA,0,0,0,0,2020,,339,50,335
OMA,0,0,0,0,2024,,329,48,324
PAK,0,0,0,0,1948,,136,23,1744
PAK,0,0,0,0,1952,,149,23,1751
PAK,0,1,0,1,1956,,151,23,1765
PAK,1,0,1,2,1960,,150,23,1739
PAK,0,1,0,1,1964,,163,25,1931
PAK,1,0,0,1,1968,,172,24,182
PAK,0,1,0,1,1972,,195,28,2111
PAK,0,0,1,1,1976,,198,27,218
PAK,1,0,0,1,1984,,221,29,2117
PAK,0,0,1,1,1988,,237,31,2332
PAK,0,0,1,1,1992,,257,34,2512
PAK,0,0,0,0,1996,,271,37,2524
PAK,0,0,0,0,2000,,300,40,2727
PAK,0,0,0,0,2004,,301,40,2726
PAK,0,0,0,0,2008,,302,42,2722
PAK,0,0,0,0,2012,,302,40,2621
PAK,0,0,0,0,2016,,306,42,287
PAK,0,0,0,0,2020,,339,50,3310
PAK,1,0,0,1,2024,,329,48,329
PAN,0,0,0,0,1928,,109,20,142
PAN,0,0,2,2,1948,,136,23,170
PAN,0,0,0,0,1952,,149,23,171
PAN,0,0,0,0,1960,,150,23,178
PAN,0,0,0,0,1964,,163,25,1915
PAN,0,0,0,0,1968,,172,24,1816
PAN,0,0,0,0,1972,,195,28,218
PAN,0,0,0,0,1976,,198,27,2113
PAN,0,0,0,0,1984,,221,29,2110
PAN,0,0,0,0,1988,,237,31,239
PAN,0,0,0,0,1992,,257,34,257
PAN,0,0,0,0,1996,,271,37,259
PAN,0,0,0,0,2000,,300,40,277
PAN,0,0,0,0,2004,,301,40,275
PAN,1,0,0,1,2008,,302,42,274
PAN,0,0,0,0,2012,,302,40,268
PAN,0,0,0,0,2016,,306,42,2814
PAN,0,0,0,0,2020,,339,50,3311
PAN,0,1,0,1,2024,,329,48,3212
PAR,0,0,0,0,1968,,172,24,181
PAR,0,0,0,0,1972,,195,28,213
PAR,0,0,0,0,1976,,198,27,216
PAR,0,0,0,0,1984,,221,29,2118
PAR,0,0,0,0,1988,,237,31,2313
PAR,0,0,0,0,1992,,257,34,2531
PAR,0,0,0,0,1996,,271,37,257
PAR,0,0,0,0,2000,,300,40,275
PAR,0,1,0,1,2004,,301,40,275
PAR,0,0,0,0,2008,,302,42,277
PAR,0,0,0,0,2012,,302,40,2610
PAR,0,0,0,0,2016,,306,42,2811
PAR,0,0,0,0,2020,,339,50,339
PAR,0,0,0,0,2024,,329,48,3229
PER,0,0,0,0,1900,,97,22,202
PER,0,0,0,0,1932,,117,20,143
PER,0,0,0,0,1936,,129,25,1946
PER,1,0,0,1,1948,,136,23,1748
PER,0,0,0,0,1956,,151,23,1710
PER,0,0,0,0,1960,,150,23,1733
PER,0,0,0,0,1964,,163,25,1940
PER,0,0,0,0,1968,,172,24,1833
PER,0,0,0,0,1972,,195,28,2131
PER,0,0,0,0,1976,,198,27,2114
PER,0,0,0,0,1980,,203,27,2138
PER,0,1,0,1,1984,,221,29,2143
PER,0,1,0,1,1988,,237,31,2314
PER,0,1,0,1,1992,,257,34,2520
PER,0,0,0,0,1996,,271,37,2533
PER,0,0,0,0,2000,,300,40,2722
PER,0,0,0,0,2004,,301,40,2714
PER,0,0,0,0,2008,,302,42,2713
PER,0,0,0,0,2012,,302,40,2616
PER,0,0,0,0,2016,,306,42,2834
PER,0,0,0,0,2020,,339,50,3342
PER,0,0,1,1,2024,,329,48,3231
PHI,0,0,0,0,1924,,126,23,172
PHI,0,0,1,1,1928,,109,20,145
PHI,0,0,3,3,1932,,117,20,145
PHI,0,0,1,1,1936,,129,25,1939
PHI,0,0,0,0,1948,,136,23,1731
PHI,0,0,0,0,1952,,149,23,1728
PHI,0,0,0,0,1956,,151,23,1748
PHI,0,0,0,0,1960,,150,23,1749
PHI,0,1,0,1,1964,,163,25,1969
PHI,0,0,0,0,1968,,172,24,1889
PHI,0,0,0,0,1972,,195,28,2179
PHI,0,0,0,0,1976,,198,27,2122
PHI,0,0,0,0,1984,,221,29,2132
PHI,0,0,1,1,1988,,237,31,2341
PHI,0,0,1,1,1992,,257,34,2537
PHI,0,1,0,1,1996,,271,37,2517
PHI,0,0,0,0,2000,,300,40,2722
PHI,0,0,0,0,2004,,301,40,2721
PHI,0,0,0,0,2008,,302,42,2717
PHI,0,0,0,0,2012,,302,40,2611
PHI,0,1,0,1,2016,,306,42,2812
PHI,1,2,1,4,2020,,339,50,3323
PHI,2,0,2,4,2024,,329,48,3240
PLE,0,0,0,0,1996,,271,37,251
PLE,0,0,0,0,2000,,300,40,272
PLE,0,0,0,0,2004,,301,40,273
PLE,0,0,0,0,2008,,302,42,274
PLE,0,0,0,0,2012,,302,40,265
PLE,0,0,0,0,2016,,306,42,286
PLE,0,0,0,0,2020,,339,50,335
PLE,0,0,0,0,2024,,329,48,328
PLW,0,0,0,0,2000,,300,40,275
PLW,0,0,0,0,2004,,301,40,274
PLW,0,0,0,0,2008,,302,42,275
PLW,0,0,0,0,2012,,302,40,265
PLW,0,0,0,0,2016,,306,42,286
PLW,0,0,0,0,2020,,339,50,333
PLW,0,0,0,0,2024,,329,48,323
PNG,0,0,0,0,1976,,198,27,219
PNG,0,0,0,0,1984,,221,29,2112
PNG,0,0,0,0,1988,,237,31,2315
PNG,0,0,0,0,1992,,257,34,2519
PNG,0,0,0,0,1996,,271,37,2517
PNG,0,0,0,0,2000,,300,40,275
PNG,0,0,0,0,2004,,301,40,276
PNG,0,0,0,0,2008,,302,42,279
PNG,0,0,0,0,2012,,302,40,268
PNG,0,0,0,0,2016,,306,42,288
PNG,0,0,0,0,2020,,339,50,338
PNG,0,0,0,0,2024,,329,48,327
POL,0,0,0,0,1912,,102,18,141
POL,0,1,1,2,1924,,126,23,1795
POL,2,1,4,7,1928,,109,20,14126
POL,3,2,4,9,1932,,117,20,1450
POL,0,4,5,9,1936,,129,25,19165
POL,1,0,1,2,1948,,136,23,1750
POL,1,2,1,4,1952,,149,23,17244
POL,1,4,4,9,1956,,151,23,1799
POL,4,6,11,21,1960,,150,23,17277
POL,7,6,10,23,1964,,163,25,19194
POL,5,2,11,18,1968,,172,24,18259
POL,7,5,9,21,1972,,195,28,21372
POL,7,6,13,26,1976,,198,27,21213
POL,3,14,15,32,1980,,203,27,21368
POL,2,5,9,16,1988,,237,31,23171
POL,3,6,10,19,1992,,257,34,25217
POL,7,5,5,17,1996,,271,37,25185
POL,6,5,3,14,2000,,300,40,27216
POL,3,2,5,10,2004,,301,40,27212
POL,3,6,1,10,2008,,302,42,27296
POL,2,2,6,10,2012,,302,40,26244
POL,2,3,6,11,2016,,306,42,28273
POL,4,5,5,14,2020,,339,50,33246
POL,1,4,5,10,2024,,329,48,32284
POR,0,0,0,0,1912,,102,18,148
POR,0,0,0,0,1920,,156,29,2240
POR,0,0,1,1,1924,,126,23,1743
POR,0,0,1,1,1928,,109,20,1433
POR,0,0,0,0,1932,,117,20,148
POR,0,0,1,1,1936,,129,25,1923
POR,0,1,1,2,1948,,136,23,1760
POR,0,0,1,1,1952,,149,23,17153
POR,0,0,0,0,1956,,151,23,1718
POR,0,1,0,1,1960,,150,23,17107
POR,0,0,0,0,1964,,163,25,1925
POR,0,0,0,0,1968,,172,24,1833
POR,0,0,0,0,1972,,195,28,2141
POR,0,2,0,2,1976,,198,27,2134
POR,0,0,0,0,1980,,203,27,2118
POR,1,0,2,3,1984,,221,29,2145
POR,1,0,0,1,1988,,237,31,2390
POR,0,0,0,0,1992,,257,34,25115
POR,1,0,1,2,1996,,271,37,25128
POR,0,0,2,2,2000,,300,40,2762
POR,0,2,1,3,2004,,301,40,2790
POR,1,1,0,2,2008,,302,42,2785
POR,0,1,0,1,2012,,302,40,2696
POR,0,0,1,1,2016,,306,42,28105
POR,1,1,2,4,2020,,339,50,33109
POR,1,2,1,4,2024,,329,48,3290
PRK,1,1,3,5,1972,,195,28,2168
PRK,1,1,0,2,1976,,198,27,2138
PRK,0,3,2,5,1980,,203,27,21116
PRK,4,0,5,9,1992,,257,34,25113
PRK,2,1,2,5,1996,,271,37,2531
PRK,0,1,3,4,2000,,300,40,2743
PRK,0,4,1,5,2004,,301,40,2766
PRK,2,1,3,6,2008,,302,42,2760
PRK,4,0,2,6,2012,,302,40,2651
PRK,2,3,2,7,2016,,306,42,2831
PRK,0,2,4,6,2024,,329,48,3210
PUR,0,0,1,1,1948,,136,23,178
PUR,0,0,0,0,1952,,149,23,1723
PUR,0,0,0,0,1956,,151,23,1714
PUR,0,0,0,0,1960,,150,23,1729
PUR,0,0,0,0,1964,,163,25,1945
PUR,0,0,0,0,1968,,172,24,1899
PUR,0,0,0,0,1972,,195,28,2160
PUR,0,0,1,1,1976,,198,27,21111
PUR,0,0,0,0,1980,,203,27,213
PUR,0,1,1,2,1984,,221,29,2156
PUR,0,0,0,0,1988,,237,31,2356
PUR,0,0,1,1,1992,,257,34,25100
PUR,0,0,1,1,1996,,271,37,2590
PUR,0,0,0,0,2000,,300,40,2738
PUR,0,0,0,0,2004,,301,40,2752
PUR,0,0,0,0,2008,,302,42,2731
PUR,0,1,1,2,2012,,302,40,2626
PUR,1,0,0,1,2016,,306,42,2840
PUR,1,0,0,1,2020,,339,50,3338
PUR,0,0,2,2,2024,,329,48,3251
QAT,0,0,0,0,1984,,221,29,2126
QAT,0,0,0,0,1988,,237,31,2313
QAT,0,0,1,1,1992,,257,34,2529
QAT,0,0,0,0,1996,,271,37,2513
QAT,0,0,1,1,2000,,300,40,2718
QAT,0,0,0,0,2004,,301,40,2715
QAT,0,0,0,0,2008,,302,42,2720
QAT,0,0,2,2,2012,,302,40,2612
QAT,0,1,0,1,2016,,306,42,2841
QAT,2,0,1,3,2020,,339,50,3313
QAT,0,0,1,1,2024,,329,48,3212
RHO,0,0,0,0,1960,,150,23,1712
ROC,20,28,23,71,2020,,339,50,33412
ROT,0,0,0,0,2016,,306,42,2812
ROU,0,0,0,0,1900,,97,22,201
ROU,0,0,1,1,1924,,126,23,1729
ROU,0,0,0,0,1928,,109,20,1433
ROU,0,0,0,0,1932,,117,20,142
ROU,0,1,0,1,1936,,129,25,19117
ROU,1,1,2,4,1952,,149,23,17237
ROU,5,3,5,13,1956,,151,23,1784
ROU,3,1,6,10,1960,,150,23,17141
ROU,2,4,6,12,1964,,163,25,19216
ROU,4,6,5,15,1968,,172,24,1877
ROU,3,6,7,16,1972,,195,28,21218
ROU,4,9,14,27,1976,,198,27,21200
ROU,6,6,13,25,1980,,203,27,21271
ROU,19,16,17,52,1984,,221,29,2187
ROU,7,11,6,24,1988,,237,31,23114
ROU,4,6,8,18,1992,,257,34,25253
ROU,4,7,8,19,1996,,271,37,25246
ROU,11,6,9,26,2000,,300,40,27206
ROU,8,5,6,19,2004,,301,40,27154
ROU,4,1,3,8,2008,,302,42,27150
ROU,2,5,2,9,2012,,302,40,26139
ROU,1,1,2,4,2016,,306,42,28105
ROU,1,3,0,4,2020,,339,50,33110
ROU,3,4,2,9,2024,,329,48,32123
RSA,0,0,0,0,1904,,95,18,168
RSA,1,1,0,2,1908,,110,25,2231
RSA,4,2,0,6,1912,,102,18,1449
RSA,3,4,3,10,1920,,156,29,2276
RSA,1,1,1,3,1924,,126,23,1741
RSA,1,0,2,3,1928,,109,20,1434
RSA,2,0,3,5,1932,,117,20,1415
RSA,0,1,0,1,1936,,129,25,1953
RSA,2,2,2,6,1948,,136,23,1737
RSA,2,4,4,10,1952,,149,23,1795
RSA,0,0,4,4,1956,,151,23,1783
RSA,0,1,2,3,1960,,150,23,1769
RSA,0,2,0,2,1992,,257,34,25138
RSA,3,1,1,5,1996,,271,37,25106
RSA,0,2,3,5,2000,,300,40,27156
RSA,1,3,2,6,2004,,301,40,27118
RSA,0,1,0,1,2008,,302,42,27178
RSA,3,2,1,6,2012,,302,40,26136
RSA,2,6,2,10,2016,,306,42,28132
RSA,1,2,0,3,2020,,339,50,33208
RSA,1,3,2,6,2024,,329,48,32140
RUS,0,0,0,0,1900,,97,22,205
RUS,1,2,0,3,1908,,110,25,224
RUS,0,2,3,5,1912,,102,18,14252
RUS,0,0,0,0,1924,,126,23,173
RUS,26,21,16,63,1996,,271,37,25437
RUS,32,28,29,89,2000,,300,40,27415
RUS,28,26,36,90,2004,,301,40,27404
RUS,23,21,28,72,2008,,302,42,27458
RUS,24,26,32,82,2012,,302,40,26409
RUS,19,17,20,56,2016,,306,42,28291
RWA,0,0,0,0,1984,,221,29,216
RWA,0,0,0,0,1988,,237,31,238
RWA,0,0,0,0,1992,,257,34,2510
RWA,0,0,0,0,1996,,271,37,254
RWA,0,0,0,0,2000,,300,40,275
RWA,0,0,0,0,2004,,301,40,275
RWA,0,0,0,0,2008,,302,42,274
RWA,0,0,0,0,2012,,302,40,267
RWA,0,0,0,0,2016,,306,42,287
RWA,0,0,0,0,2020,,339,50,335
RWA,0,0,0,0,2024,,329,48,328
SAA,0,0,0,0,1952,,149,23,1793
SAM,0,0,0,0,1984,,221,29,219
SAM,0,0,0,0,1988,,237,31,2311
SAM,0,0,0,0,1992,,257,34,255
SAM,0,0,0,0,1996,,271,37,255
SAM,0,0,0,0,2000,,300,40,275
SAM,0,0,0,0,2004,,301,40,273
SAM,0,0,0,0,2008,,302,42,277
SAM,0,0,0,0,2012,,302,40,269
SAM,0,0,0,0,2016,,306,42,289
SAM,0,0,0,0,2020,,339,50,3313
SAM,0,0,0,0,2024,,329,48,3224
SCG,1,1,2,4,1996,,271,37,2553
SCG,1,1,1,3,2000,,300,40,27100
SCG,0,2,0,2,2004,,301,40,2783
SEN,0,0,0,0,1964,,163,25,1914
SEN,0,0,0,0,1968,,172,24,1824
SEN,0,0,0,0,1972,,195,28,2140
SEN,0,0,0,0,1976,,198,27,2133
SEN,0,0,0,0,1980,,203,27,2139
SEN,0,0,0,0,1984,,221,29,2129
SEN,0,1,0,1,1988,,237,31,2334
SEN,0,0,0,0,1992,,257,34,2525
SEN,0,0,0,0,1996,,271,37,2512
SEN,0,0,0,0,2000,,300,40,2732
SEN,0,0,0,0,2004,,301,40,2721
SEN,0,0,0,0,2008,,302,42,2717
SEN,0,0,0,0,2012,,302,40,2632
SEN,0,0,0,0,2016,,306,42,2822
SEN,0,0,0,0,2020,,339,50,339
SEN,0,0,0,0,2024,,329,48,3213
SEY,0,0,0,0,1980,,203,27,2121
SEY,0,0,0,0,1984,,221,29,2115
SEY,0,0,0,0,1992,,257,34,2521
SEY,0,0,0,0,1996,,271,37,259
SEY,0,0,0,0,2000,,300,40,279
SEY,0,0,0,0,2004,,301,40,2710
SEY,0,0,0,0,2008,,302,42,2710
SEY,0,0,0,0,2012,,302,40,266
SEY,0,0,0,0,2016,,306,42,2810
SEY,0,0,0,0,2020,,339,50,336
SEY,0,0,0,0,2024,,329,48,323
SGP,0,0,0,0,1948,,136,23,171
SGP,0,0,0,0,1952,,149,23,177
SGP,0,0,0,0,1956,,151,23,1752
SGP,0,1,0,1,1960,,150,23,174
SGP,0,0,0,0,1968,,172,24,186
SGP,0,0,0,0,1972,,195,28,2112
SGP,0,0,0,0,1976,,198,27,214
SGP,0,0,0,0,1984,,221,29,2114
SGP,0,0,0,0,1988,,237,31,2327
SGP,0,0,0,0,1992,,257,34,2537
SGP,0,0,0,0,1996,,271,37,2535
SGP,0,0,0,0,2000,,300,40,2723
SGP,0,0,0,0,2004,,301,40,2722
SGP,0,1,0,1,2008,,302,42,2733
SGP,0,0,2,2,2012,,302,40,2632
SGP,1,0,0,1,2016,,306,42,2831
SGP,0,0,0,0,2020,,339,50,3330
SGP,0,0,1,1,2024,,329,48,3231
SKN,0,0,0,0,1996,,271,37,2514
SKN,0,0,0,0,2000,,300,40,274
SKN,0,0,0,0,2004,,301,40,272
SKN,0,0,0,0,2008,,302,42,276
SKN,0,0,0,0,2012,,302,40,267
SKN,0,0,0,0,2016,,306,42,289
SKN,0,0,0,0,2020,,339,50,332
SKN,0,0,0,0,2024,,329,48,323
SLE,0,0,0,0,1968,,172,24,184
SLE,0,0,0,0,1980,,203,27,2132
SLE,0,0,0,0,1984,,221,29,2110
SLE,0,0,0,0,1988,,237,31,2320
SLE,0,0,0,0,1992,,257,34,2515
SLE,0,0,0,0,1996,,271,37,2519
SLE,0,0,0,0,2000,,300,40,273
SLE,0,0,0,0,2004,,301,40,272
SLE,0,0,0,0,2008,,302,42,273
SLE,0,0,0,0,2012,,302,40,262
SLE,0,0,0,0,2016,,306,42,284
SLE,0,0,0,0,2020,,339,50,334
SLE,0,0,0,0,2024,,329,48,324
SLO,0,0,2,2,1992,,257,34,2541
SLO,0,2,0,2,1996,,271,37,2545
SLO,2,0,0,2,2000,,300,40,2787
SLO,0,1,3,4,2004,,301,40,2797
SLO,1,2,2,5,2008,,302,42,2768
SLO,1,1,2,4,2012,,302,40,2673
SLO,1,2,1,4,2016,,306,42,2866
SLO,3,1,1,5,2020,,339,50,3359
SLO,2,1,0,3,2024,,329,48,32114
SMR,0,0,0,0,1960,,150,23,1713
SMR,0,0,0,0,1968,,172,24,184
SMR,0,0,0,0,1972,,195,28,217
SMR,0,0,0,0,1976,,198,27,2110
SMR,0,0,0,0,1980,,203,27,2116
SMR,0,0,0,0,1984,,221,29,2131
SMR,0,0,0,0,1988,,237,31,2315
SMR,0,0,0,0,1992,,257,34,2520
SMR,0,0,0,0,1996,,271,37,257
SMR,0,0,0,0,2000,,300,40,274
SMR,0,0,0,0,2004,,301,40,275
SMR,0,0,0,0,2008,,302,42,274
SMR,0,0,0,0,2012,,302,40,264
SMR,0,0,0,0,2016,,306,42,284
SMR,0,1,2,3,2020,,339,50,334
SMR,0,0,0,0,2024,,329,48,325
SOL,0,0,0,0,1984,,221,29,213
SOL,0,0,0,0,1988,,237,31,235
SOL,0,0,0,0,1992,,257,34,251
SOL,0,0,0,0,1996,,271,37,254
SOL,0,0,0,0,2000,,300,40,272
SOL,0,0,0,0,2004,,301,40,272
SOL,0,0,0,0,2008,,302,42,273
SOL,0,0,0,0,2012,,302,40,264
SOL,0,0,0,0,2016,,306,42,283
SOL,0,0,0,0,2020,,339,50,333
SOL,0,0,0,0,2024,,329,48,322
SOM,0,0,0,0,1972,,195,28,214
SOM,0,0,0,0,1984,,221,29,219
SOM,0,0,0,0,1988,,237,31,235
SOM,0,0,0,0,1996,,271,37,254
SOM,0,0,0,0,2000,,300,40,272
SOM,0,0,0,0,2004,,301,40,272
SOM,0,0,0,0,2008,,302,42,272
SOM,0,0,0,0,2012,,302,40,262
SOM,0,0,0,0,2016,,306,42,282
SOM,0,0,0,0,2020,,339,50,332
SOM,0,0,0,0,2024,,329,48,321
SRB,0,0,0,0,1912,,102,18,142
SRB,0,1,2,3,2008,,302,42,2782
SRB,1,1,2,4,2012,,302,40,26118
SRB,2,4,2,8,2016,,306,42,2873
SRB,3,1,5,9,2020,,339,50,3375
SRB,3,1,1,5,2024,,329,48,32106
SRI,0,1,0,1,1948,,136,23,179
SRI,0,0,0,0,1952,,149,23,177
SRI,0,0,0,0,1956,,151,23,173
SRI,0,0,0,0,1960,,150,23,175
SRI,0,0,0,0,1964,,163,25,197
SRI,0,0,0,0,1968,,172,24,183
SRI,0,0,0,0,1972,,195,28,216
SRI,0,0,0,0,1980,,203,27,214
SRI,0,0,0,0,1984,,221,29,216
SRI,0,0,0,0,1988,,237,31,239
SRI,0,0,0,0,1992,,257,34,2516
SRI,0,0,0,0,1996,,271,37,2511
SRI,0,1,0,1,2000,,300,40,2723
SRI,0,0,0,0,2004,,301,40,278
SRI,0,0,0,0,2008,,302,42,279
SRI,0,0,0,0,2012,,302,40,268
SRI,0,0,0,0,2016,,306,42,2810
SRI,0,0,0,0,2020,,339,50,3313
SRI,0,0,0,0,2024,,329,48,326
SSD,0,0,0,0,2016,,306,42,283
SSD,0,0,0,0,2020,,339,50,332
SSD,0,0,0,0,2024,,329,48,3214
STP,0,0,0,0,1996,,271,37,252
STP,0,0,0,0,2000,,300,40,272
STP,0,0,0,0,2004,,301,40,272
STP,0,0,0,0,2008,,302,42,274
STP,0,0,0,0,2012,,302,40,262
STP,0,0,0,0,2016,,306,42,283
STP,0,0,0,0,2020,,339,50,335
STP,0,0,0,0,2024,,329,48,323
SUD,0,0,0,0,1960,,150,23,1713
SUD,0,0,0,0,1968,,172,24,187
SUD,0,0,0,0,1972,,195,28,2131
SUD,0,0,0,0,1984,,221,29,219
SUD,0,0,0,0,1988,,237,31,238
SUD,0,0,0,0,1992,,257,34,257
SUD,0,0,0,0,1996,,271,37,254
SUD,0,0,0,0,2000,,300,40,273
SUD,0,0,0,0,2004,,301,40,274
SUD,0,1,0,1,2008,,302,42,278
SUD,0,0,0,0,2012,,302,40,266
SUD,0,0,0,0,2016,,306,42,286
SUD,0,0,0,0,2020,,339,50,335
SUD,0,0,0,0,2024,,329,48,324
SUI,1,2,0,3,1896,,43,10,115
SUI,6,2,1,9,1900,,97,22,2031
SUI,1,0,2,3,1904,,95,18,164
SUI,4,3,1,8,1906,,76,13,1133
SUI,0,0,0,0,1908,,110,25,221
SUI,1,0,0,1,1912,,102,18,145
SUI,2,2,7,11,1920,,156,29,2297
SUI,7,8,10,25,1924,,126,23,17202
SUI,7,6,4,17,1928,,109,20,14206
SUI,0,1,0,1,1932,,117,20,148
SUI,4,9,5,18,1936,,129,25,19276
SUI,5,12,5,22,1948,,136,23,17251
SUI,2,6,6,14,1952,,149,23,17218
SUI,0,0,1,1,1956,,151,23,1715
SUI,0,3,3,6,1960,,150,23,17209
SUI,1,2,1,4,1964,,163,25,19123
SUI,0,1,4,5,1968,,172,24,18142
SUI,0,3,0,3,1972,,195,28,21257
SUI,1,1,2,4,1976,,198,27,2191
SUI,2,0,0,2,1980,,203,27,2184
SUI,0,4,4,8,1984,,221,29,21232
SUI,0,2,2,4,1988,,237,31,23143
SUI,1,0,0,1,1992,,257,34,25170
SUI,4,3,0,7,1996,,271,37,25161
SUI,1,6,2,9,2000,,300,40,27124
SUI,1,1,3,5,2004,,301,40,27131
SUI,2,1,4,7,2008,,302,42,27105
SUI,2,2,0,4,2012,,302,40,26122
SUI,3,2,2,7,2016,,306,42,28141
SUI,3,4,6,13,2020,,339,50,33181
SUI,1,2,5,8,2024,,329,48,32208
SUR,0,0,0,0,1968,,172,24,181
SUR,0,0,0,0,1972,,195,28,213
SUR,0,0,0,0,1976,,198,27,214
SUR,0,0,0,0,1984,,221,29,217
SUR,1,0,0,1,1988,,237,31,239
SUR,0,0,1,1,1992,,257,34,258
SUR,0,0,0,0,1996,,271,37,2511
SUR,0,0,0,0,2000,,300,40,275
SUR,0,0,0,0,2004,,301,40,274
SUR,0,0,0,0,2008,,302,42,274
SUR,0,0,0,0,2012,,302,40,265
SUR,0,0,0,0,2016,,306,42,286
SUR,0,0,0,0,2020,,339,50,335
SUR,0,0,0,0,2024,,329,48,326
SVK,1,1,1,3,1996,,271,37,2595
SVK,1,3,1,5,2000,,300,40,27126
SVK,2,2,2,6,2004,,301,40,2774
SVK,3,2,1,6,2008,,302,42,2757
SVK,0,1,3,4,2012,,302,40,2660
SVK,2,2,0,4,2016,,306,42,2855
SVK,1,2,1,4,2020,,339,50,3349
SVK,0,0,1,1,2024,,329,48,3237
SWE,0,0,0,0,1896,,43,10,115
SWE,1,0,1,2,1900,,97,22,2023
SWE,2,5,7,14,1906,,76,13,1174
SWE,8,6,11,25,1908,,110,25,22192
SWE,24,24,17,65,1912,,102,18,14524
SWE,19,20,25,64,1920,,156,29,22250
SWE,4,13,12,29,1924,,126,23,17184
SWE,7,6,12,25,1928,,109,20,14102
SWE,10,5,9,24,1932,,117,20,1496
SWE,6,5,10,21,1936,,129,25,19196
SWE,17,11,18,46,1948,,136,23,17148
SWE,12,13,10,35,1952,,149,23,17285
SWE,8,5,6,19,1956,,151,23,17152
SWE,1,2,3,6,1960,,150,23,17251
SWE,2,2,4,8,1964,,163,25,19160
SWE,2,1,1,4,1968,,172,24,18177
SWE,4,6,6,16,1972,,195,28,21164
SWE,4,1,0,5,1976,,198,27,21153
SWE,3,3,6,12,1980,,203,27,21181
SWE,2,11,6,19,1984,,221,29,21220
SWE,0,4,7,11,1988,,237,31,23235
SWE,1,7,4,12,1992,,257,34,25217
SWE,2,4,2,8,1996,,271,37,25202
SWE,4,5,3,12,2000,,300,40,27166
SWE,4,2,1,7,2004,,301,40,27145
SWE,0,4,1,5,2008,,302,42,27162
SWE,1,4,3,8,2012,,302,40,26146
SWE,2,6,3,11,2016,,306,42,28158
SWE,3,6,0,9,2020,,339,50,33139
SWE,4,4,3,11,2024,,329,48,32157
SWZ,0,0,0,0,1972,,195,28,214
SWZ,0,0,0,0,1984,,221,29,2111
SWZ,0,0,0,0,1988,,237,31,2315
SWZ,0,0,0,0,1992,,257,34,2510
SWZ,0,0,0,0,1996,,271,37,256
SWZ,0,0,0,0,2000,,300,40,276
SWZ,0,0,0,0,2004,,301,40,273
SWZ,0,0,0,0,2008,,302,42,274
SWZ,0,0,0,0,2012,,302,40,263
SWZ,0,0,0,0,2016,,306,42,282
SWZ,0,0,0,0,2020,,339,50,334
SWZ,0,0,0,0,2024,,329,48,323
SYR,0,0,0,0,1948,,136,23,171
SYR,0,0,0,0,1968,,172,24,182
SYR,0,0,0,0,1972,,195,28,215
SYR,0,0,0,0,1980,,203,27,2171
SYR,0,1,0,1,1984,,221,29,218
SYR,0,0,0,0,1988,,237,31,2313
SYR,0,0,0,0,1992,,257,34,259
SYR,1,0,0,1,1996,,271,37,257
SYR,0,0,0,0,2000,,300,40,278
SYR,0,0,1,1,2004,,301,40,275
SYR,0,0,0,0,2008,,302,42,277
SYR,0,0,0,0,2012,,302,40,2610
SYR,0,0,0,0,2016,,306,42,287
SYR,0,0,1,1,2020,,339,50,335
SYR,0,0,0,0,2024,,329,48,3210
TAN,0,0,0,0,1964,,163,25,194
TAN,0,0,0,0,1968,,172,24,185
TAN,0,0,0,0,1972,,195,28,2122
TAN,0,2,0,2,1980,,203,27,2146
TAN,0,0,0,0,1984,,221,29,2121
TAN,0,0,0,0,1988,,237,31,2310
TAN,0,0,0,0,1992,,257,34,259
TAN,0,0,0,0,1996,,271,37,257
TAN,0,0,0,0,2000,,300,40,274
TAN,0,0,0,0,2004,,301,40,279
TAN,0,0,0,0,2008,,302,42,279
TAN,0,0,0,0,2012,,302,40,266
TAN,0,0,0,0,2016,,306,42,287
TAN,0,0,0,0,2020,,339,50,333
TAN,0,0,0,0,2024,,329,48,327
TCH,0,0,2,2,1920,,156,29,22172
TCH,1,4,5,10,1924,,126,23,17232
TCH,2,5,2,9,1928,,109,20,14131
TCH,1,3,2,6,1932,,117,20,1438
TCH,3,5,1,9,1936,,129,25,19275
TCH,6,2,3,11,1948,,136,23,17133
TCH,7,3,3,13,1952,,149,23,17193
TCH,1,4,1,6,1956,,151,23,17154
TCH,3,2,3,8,1960,,150,23,17180
TCH,5,6,3,14,1964,,163,25,19133
TCH,7,2,4,13,1968,,172,24,18174
TCH,2,4,2,8,1972,,195,28,21245
TCH,2,2,4,8,1976,,198,27,21236
TCH,2,3,9,14,1980,,203,27,21266
TCH,3,3,2,8,1988,,237,31,23216
TCH,4,2,1,7,1992,,257,34,25261
TGA,0,0,0,0,1984,,221,29,217
TGA,0,0,0,0,1988,,237,31,237
TGA,0,0,0,0,1992,,257,34,255
TGA,0,1,0,1,1996,,271,37,254
TGA,0,0,0,0,2000,,300,40,273
TGA,0,0,0,0,2004,,301,40,275
TGA,0,0,0,0,2008,,302,42,273
TGA,0,0,0,0,2012,,302,40,263
TGA,0,0,0,0,2016,,306,42,287
TGA,0,0,0,0,2020,,339,50,336
TGA,0,0,0,0,2024,,329,48,324
THA,0,0,0,0,1952,,149,23,1715
THA,0,0,0,0,1956,,151,23,1740
THA,0,0,0,0,1960,,150,23,1724
THA,0,0,0,0,1964,,163,25,1967
THA,0,0,0,0,1968,,172,24,1846
THA,0,0,0,0,1972,,195,28,2137
THA,0,0,1,1,1976,,198,27,2161
THA,0,1,0,1,1984,,221,29,2139
THA,0,0,1,1,1988,,237,31,2314
THA,0,0,1,1,1992,,257,34,2563
THA,1,0,1,2,1996,,271,37,2556
THA,1,0,2,3,2000,,300,40,2765
THA,3,1,4,8,2004,,301,40,2743
THA,2,2,0,4,2008,,302,42,2749
THA,0,2,1,3,2012,,302,40,2640
THA,2,2,2,6,2016,,306,42,2852
THA,1,0,1,2,2020,,339,50,3346
THA,1,3,2,6,2024,,329,48,3252
TJK,0,0,0,0,1996,,271,37,258
TJK,0,0,0,0,2000,,300,40,274
TJK,0,0,0,0,2004,,301,40,279
TJK,0,1,1,2,2008,,302,42,2714
TJK,0,0,1,1,2012,,302,40,2615
TJK,1,0,0,1,2016,,306,42,286
TJK,0,0,0,0,2020,,339,50,3310
TJK,0,0,3,3,2024,,329,48,3211
TKM,0,0,0,0,1996,,271,37,257
TKM,0,0,0,0,2000,,300,40,278
TKM,0,0,0,0,2004,,301,40,2710
TKM,0,0,0,0,2008,,302,42,2710
TKM,0,0,0,0,2012,,302,40,2610
TKM,0,0,0,0,2016,,306,42,289
TKM,0,1,0,1,2020,,339,50,339
TKM,0,0,0,0,2024,,329,48,326
TLS,0,0,0,0,2004,,301,40,272
TLS,0,0,0,0,2008,,302,42,271
TLS,0,0,0,0,2012,,302,40,262
TLS,0,0,0,0,2016,,306,42,283
TLS,0,0,0,0,2020,,339,50,333
TLS,0,0,0,0,2024,,329,48,324
TOG,0,0,0,0,1972,,195,28,217
TOG,0,0,0,0,1984,,221,29,216
TOG,0,0,0,0,1988,,237,31,236
TOG,0,0,0,0,1992,,257,34,259
TOG,0,0,0,0,1996,,271,37,257
TOG,0,0,0,0,2000,,300,40,273
TOG,0,0,0,0,2004,,301,40,273
TOG,0,0,1,1,2008,,302,42,273
TOG,0,0,0,0,2012,,302,40,266
TOG,0,0,0,0,2016,,306,42,285
TOG,0,0,0,0,2020,,339,50,334
TOG,0,0,0,0,2024,,329,48,325
TPE,0,0,0,0,1956,,151,23,1723
TPE,0,1,0,1,1960,,150,23,1730
TPE,0,0,0,0,1964,,163,25,1996
TPE,0,0,1,1,1968,,172,24,1892
TPE,0,0,0,0,1972,,195,28,2144
TPE,0,0,1,1,1984,,221,29,2151
TPE,0,0,0,0,1988,,237,31,23123
TPE,0,1,0,1,1992,,257,34,2518
TPE,0,1,0,1,1996,,271,37,25106
TPE,0,1,4,5,2000,,300,40,2770
TPE,2,2,1,5,2004,,301,40,2795
TPE,0,0,4,4,2008,,302,42,2788
TPE,0,1,1,2,2012,,302,40,2653
TPE,1,0,2,3,2016,,306,42,2862
TPE,2,4,6,12,2020,,339,50,33101
TPE,2,0,5,7,2024,,329,48,3270
TTO,0,1,0,1,1948,,136,23,178
TTO,0,0,2,2,1952,,149,23,170
TTO,0,0,0,0,1956,,151,23,1710
TTO,0,1,2,3,1964,,163,25,1912
TTO,0,0,0,0,1968,,172,24,1825
TTO,0,0,0,0,1972,,195,28,2136
TTO,1,0,0,1,1976,,198,27,2119
TTO,0,0,0,0,1980,,203,27,2115
TTO,0,0,0,0,1984,,221,29,2123
TTO,0,0,0,0,1988,,237,31,2310
TTO,0,0,0,0,1992,,257,34,2513
TTO,0,0,2,2,1996,,271,37,2514
TTO,0,1,1,2,2000,,300,40,2727
TTO,0,0,1,1,2004,,301,40,2725
TTO,1,1,0,2,2008,,302,42,2729
TTO,1,1,2,4,2012,,302,40,2628
TTO,0,0,1,1,2016,,306,42,2842
TTO,0,0,0,0,2020,,339,50,3344
TTO,0,0,0,0,2024,,329,48,3223
TUN,0,0,0,0,1960,,150,23,1756
TUN,0,1,1,2,1964,,163,25,1910
TUN,1,0,1,2,1968,,172,24,186
TUN,0,1,0,1,1972,,195,28,2136
TUN,0,0,0,0,1976,,198,27,2116
TUN,0,0,0,0,1984,,221,29,2128
TUN,0,0,0,0,1988,,237,31,2345
TUN,0,0,0,0,1992,,257,34,2515
TUN,0,0,1,1,1996,,271,37,2551
TUN,0,0,0,0,2000,,300,40,2747
TUN,0,0,0,0,2004,,301,40,2764
TUN,1,0,0,1,2008,,302,42,2728
TUN,1,1,1,3,2012,,302,40,2684
TUN,0,0,3,3,2016,,306,42,2862
TUN,1,1,0,2,2020,,339,50,3371
TUN,1,1,1,3,2024,,329,48,3228
TUR,0,0,0,0,1906,,76,13,112
TUR,0,0,0,0,1912,,102,18,147
TUR,0,0,0,0,1924,,126,23,1723
TUR,0,0,0,0,1928,,109,20,1440
TUR,0,0,0,0,1932,,117,20,142
TUR,1,0,1,2,1936,,129,25,1960
TUR,6,4,2,12,1948,,136,23,1775
TUR,2,0,1,3,1952,,149,23,1755
TUR,3,2,2,7,1956,,151,23,1721
TUR,7,2,0,9,1960,,150,23,1749
TUR,2,3,1,6,1964,,163,25,1919
TUR,2,0,0,2,1968,,172,24,1828
TUR,0,1,0,1,1972,,195,28,2149
TUR,0,0,0,0,1976,,198,27,2128
TUR,0,0,3,3,1984,,221,29,2159
TUR,1,1,0,2,1988,,237,31,2349
TUR,2,2,2,6,1992,,257,34,2548
TUR,4,1,1,6,1996,,271,37,2555
TUR,3,0,2,5,2000,,300,40,2762
TUR,3,3,5,11,2004,,301,40,2763
TUR,1,3,3,7,2008,,302,42,2764
TUR,2,2,1,5,2012,,302,40,26114
TUR,1,3,4,8,2016,,306,42,28111
TUR,2,2,9,13,2020,,339,50,33126
TUR,0,3,5,8,2024,,329,48,32154
TUV,0,0,0,0,2008,,302,42,273
TUV,0,0,0,0,2012,,302,40,263
TUV,0,0,0,0,2016,,306,42,281
TUV,0,0,0,0,2020,,339,50,332
TUV,0,0,0,0,2024,,329,48,322
UAE,0,0,0,0,1984,,221,29,2111
UAE,0,0,0,0,1988,,237,31,2336
UAE,0,0,0,0,1992,,257,34,2536
UAE,0,0,0,0,1996,,271,37,254
UAE,0,0,0,0,2000,,300,40,275
UAE,1,0,0,1,2004,,301,40,274
UAE,0,0,0,0,2008,,302,42,279
UAE,0,0,0,0,2012,,302,40,2626
UAE,0,0,1,1,2016,,306,42,2811
UAE,0,0,0,0,2020,,339,50,335
UAE,0,0,0,0,2024,,329,48,3216
UAR,0,1,1,2,1960,,150,23,17121
UGA,0,0,0,0,1956,,151,23,175
UGA,0,0,0,0,1960,,150,23,1716
UGA,0,0,0,0,1964,,163,25,1919
UGA,0,1,1,2,1968,,172,24,1812
UGA,1,1,0,2,1972,,195,28,2133
UGA,0,1,0,1,1980,,203,27,2115
UGA,0,0,0,0,1984,,221,29,2130
UGA,0,0,0,0,1988,,237,31,2330
UGA,0,0,0,0,1992,,257,34,259
UGA,0,0,1,1,1996,,271,37,2511
UGA,0,0,0,0,2000,,300,40,2713
UGA,0,0,0,0,2004,,301,40,2711
UGA,0,0,0,0,2008,,302,42,2711
UGA,1,0,0,1,2012,,302,40,2615
UGA,0,0,0,0,2016,,306,42,2823
UGA,2,1,1,4,2020,,339,50,3324
UGA,1,1,0,2,2024,,329,48,3225
UKR,9,2,12,23,1996,,271,37,25317
UKR,3,10,10,23,2000,,300,40,27333
UKR,8,5,9,22,2004,,301,40,27310
UKR,7,5,15,27,2008,,302,42,27296
UKR,6,5,9,20,2012,,302,40,26278
UKR,2,5,4,11,2016,,306,42,28257
UKR,1,6,12,19,2020,,339,50,33196
UKR,3,5,4,12,2024,,329,48,32196
UNK,0,0,0,0,1912,,102,18,142
URS,22,29,19,70,1952,,149,23,17334
URS,37,29,32,98,1956,,151,23,17242
URS,43,29,31,103,1960,,150,23,17245
URS,30,30,33,93,1964,,163,25,19289
URS,29,32,30,91,1968,,172,24,18279
URS,50,27,22,99,1972,,195,28,21317
URS,49,41,35,125,1976,,198,27,21288
URS,80,69,46,195,1980,,203,27,21218
URS,54,31,46,131,1988,,237,31,23347
URU,1,0,0,1,1924,,126,23,1726
URU,1,0,0,1,1928,,109,20,140
URU,0,0,1,1,1932,,117,20,145
URU,0,0,0,0,1936,,129,25,1940
URU,0,1,1,2,1948,,136,23,1776
URU,0,0,2,2,1952,,149,23,1728
URU,0,0,1,1,1956,,151,23,1717
URU,0,0,0,0,1960,,150,23,1742
URU,0,0,1,1,1964,,163,25,1928
URU,0,0,0,0,1968,,172,24,1850
URU,0,0,0,0,1972,,195,28,2120
URU,0,0,0,0,1976,,198,27,2115
URU,0,0,0,0,1984,,221,29,2123
URU,0,0,0,0,1988,,237,31,2318
URU,0,0,0,0,1992,,257,34,2518
URU,0,0,0,0,1996,,271,37,2515
URU,0,1,0,1,2000,,300,40,2716
URU,0,0,0,0,2004,,301,40,2718
URU,0,0,0,0,2008,,302,42,2713
URU,0,0,0,0,2012,,302,40,2627
URU,0,0,0,0,2016,,306,42,2817
URU,0,0,0,0,2020,,339,50,3311
URU,0,0,0,0,2024,,329,48,3227
USA,11,6,2,19,1896,,43,10,117
USA,21,16,17,54,1900,,97,22,2072
USA,76,79,75,230,1904,,95,18,16715
USA,12,5,6,23,1906,,76,13,1157
USA,22,12,12,46,1908,,110,25,22154
USA,26,18,19,63,1912,,102,18,14257
USA,41,27,27,95,1920,,156,29,22279
USA,45,27,27,99,1924,,126,23,17277
USA,22,18,16,56,1928,,109,20,14338
USA,44,36,30,110,1932,,117,20,14554
USA,24,21,12,57,1936,,129,25,19391
USA,38,27,19,84,1948,,136,23,17272
USA,40,19,17,76,1952,,149,23,17317
USA,32,25,17,74,1956,,151,23,17320
USA,34,21,16,71,1960,,150,23,17303
USA,36,26,28,90,1964,,163,25,19323
USA,45,28,34,107,1968,,172,24,18363
USA,33,31,30,94,1972,,195,28,21407
USA,34,35,25,94,1976,,198,27,21390
USA,82,61,30,173,1984,,221,29,21341
USA,36,31,27,94,1988,,237,31,23508
USA,37,34,37,108,1992,,257,34,25510
USA,44,32,25,101,1996,,271,37,25580
USA,36,24,31,91,2000,,300,40,27522
USA,36,39,26,101,2004,,301,40,27463
USA,36,39,35,110,2008,,302,42,27446
USA,46,28,29,103,2012,,302,40,26441
USA,46,37,38,121,2016,,306,42,28455
USA,39,41,33,113,2020,,339,50,33558
USA,39,42,41,122,2024,,329,48,32533
UZB,0,1,1,2,1996,,271,37,2593
UZB,1,1,2,4,2000,,300,40,2781
UZB,2,1,2,5,2004,,301,40,2774
UZB,1,2,3,6,2008,,302,42,2763
UZB,1,0,2,3,2012,,302,40,2653
UZB,4,2,7,13,2016,,306,42,2867
UZB,3,0,2,5,2020,,339,50,3380
UZB,8,2,3,13,2024,,329,48,32106
VAN,0,0,0,0,1988,,237,31,236
VAN,0,0,0,0,1992,,257,34,258
VAN,0,0,0,0,1996,,271,37,254
VAN,0,0,0,0,2000,,300,40,273
VAN,0,0,0,0,2004,,301,40,272
VAN,0,0,0,0,2008,,302,42,273
VAN,0,0,0,0,2012,,302,40,265
VAN,0,0,0,0,2016,,306,42,284
VAN,0,0,0,0,2020,,339,50,333
VAN,0,0,0,0,2024,,329,48,326
VEN,0,0,0,0,1932,,117,20,141
VEN,0,0,0,0,1948,,136,23,172
VEN,0,0,1,1,1952,,149,23,1762
VEN,0,0,0,0,1956,,151,23,1738
VEN,0,0,1,1,1960,,150,23,1753
VEN,0,0,0,0,1964,,163,25,1923
VEN,1,0,0,1,1968,,172,24,1829
VEN,0,0,0,0,1972,,195,28,2133
VEN,0,1,0,1,1976,,198,27,2155
VEN,0,1,0,1,1980,,203,27,2142
VEN,0,0,3,3,1984,,221,29,2141
VEN,0,0,0,0,1988,,237,31,2317
VEN,0,0,0,0,1992,,257,34,2527
VEN,0,0,0,0,1996,,271,37,2553
VEN,0,0,0,0,2000,,300,40,2765
VEN,0,0,2,2,2004,,301,40,2751
VEN,0,0,1,1,2008,,302,42,27125
VEN,1,0,0,1,2012,,302,40,2684
VEN,0,1,2,3,2016,,306,42,28102
VEN,1,3,0,4,2020,,339,50,3343
VEN,0,0,0,0,2024,,329,48,3237
VIE,0,0,0,0,1980,,203,27,2138
VIE,0,0,0,0,1988,,237,31,2312
VIE,0,0,0,0,1992,,257,34,2510
VIE,0,0,0,0,1996,,271,37,256
VIE,0,1,0,1,2000,,300,40,276
VIE,0,0,0,0,2004,,301,40,2711
VIE,0,1,0,1,2008,,302,42,2717
VIE,0,0,0,0,2012,,302,40,2624
VIE,1,1,0,2,2016,,306,42,2826
VIE,0,0,0,0,2020,,339,50,3323
VIE,0,0,0,0,2024,,329,48,3220
VIN,0,0,0,0,1988,,237,31,236
VIN,0,0,0,0,1992,,257,34,258
VIN,0,0,0,0,1996,,271,37,2512
VIN,0,0,0,0,2000,,300,40,274
VIN,0,0,0,0,2004,,301,40,273
VIN,0,0,0,0,2008,,302,42,272
VIN,0,0,0,0,2012,,302,40,263
VIN,0,0,0,0,2016,,306,42,284
VIN,0,0,0,0,2020,,339,50,333
VIN,0,0,0,0,2024,,329,48,324
VNM,0,0,0,0,1952,,149,23,1713
VNM,0,0,0,0,1956,,151,23,1710
VNM,0,0,0,0,1960,,150,23,175
VNM,0,0,0,0,1964,,163,25,1923
VNM,0,0,0,0,1968,,172,24,189
VNM,0,0,0,0,1972,,195,28,212
WIF,0,0,2,2,1960,,150,23,1715
YAR,0,0,0,0,1984,,221,29,213
YAR,0,0,0,0,1988,,237,31,238
YEM,0,0,0,0,1992,,257,34,258
YEM,0,0,0,0,1996,,271,37,254
YEM,0,0,0,0,2000,,300,40,272
YEM,0,0,0,0,2004,,301,40,273
YEM,0,0,0,0,2008,,302,42,278
YEM,0,0,0,0,2012,,302,40,264
YEM,0,0,0,0,2016,,306,42,283
YEM,0,0,0,0,2020,,339,50,336
YEM,0,0,0,0,2024,,329,48,324
YMD,0,0,0,0,1988,,237,31,235
YUG,0,0,0,0,1920,,156,29,2215
YUG,2,0,0,2,1924,,126,23,17114
YUG,1,1,3,5,1928,,109,20,1474
YUG,0,0,0,0,1932,,117,20,141
YUG,0,1,0,1,1936,,129,25,19172
YUG,0,2,0,2,1948,,136,23,17146
YUG,1,2,0,3,1952,,149,23,17170
YUG,0,3,0,3,1956,,151,23,1714
YUG,1,1,0,2,1960,,150,23,17168
YUG,2,1,2,5,1964,,163,25,19108
YUG,3,3,2,8,1968,,172,24,18101
YUG,2,1,2,5,1972,,195,28,21194
YUG,2,3,3,8,1976,,198,27,2176
YUG,2,3,4,9,1980,,203,27,21123
YUG,7,4,7,18,1984,,221,29,2167
YUG,3,4,5,12,1988,,237,31,23120
ZAM,0,0,0,0,1964,,163,25,1915
ZAM,0,0,0,0,1968,,172,24,187
ZAM,0,0,0,0,1972,,195,28,2112
ZAM,0,0,0,0,1980,,203,27,2143
ZAM,0,0,1,1,1984,,221,29,2117
ZAM,0,0,0,0,1988,,237,31,2333
ZAM,0,0,0,0,1992,,257,34,2511
ZAM,0,1,0,1,1996,,271,37,257
ZAM,0,0,0,0,2000,,300,40,278
ZAM,0,0,0,0,2004,,301,40,276
ZAM,0,0,0,0,2008,,302,42,278
ZAM,0,0,0,0,2012,,302,40,267
ZAM,0,0,0,0,2016,,306,42,287
ZAM,0,0,0,0,2020,,339,50,3331
ZAM,0,0,1,1,2024,,329,48,3231
ZIM,0,0,0,0,1928,,109,20,142
ZIM,0,0,0,0,1960,,150,23,1710
ZIM,0,0,0,0,1964,,163,25,1933
ZIM,1,0,0,1,1980,,203,27,2137
ZIM,0,0,0,0,1984,,221,29,2120
ZIM,0,0,0,0,1988,,237,31,2347
ZIM,0,0,0,0,1992,,257,34,2528
ZIM,0,0,0,0,1996,,271,37,2521
ZIM,0,0,0,0,2000,,300,40,2726
ZIM,1,1,1,3,2004,,301,40,2711
ZIM,1,3,0,4,2008,,302,42,2712
ZIM,0,0,0,0,2012,,302,40,269
ZIM,0,0,0,0,2016,,306,42,2831
ZIM,0,0,0,0,2020,,339,50,335
ZIM,0,0,0,0,2024,,329,48,327
